-- phpMyAdmin SQL Dump
-- version 5.2.0
-- https://www.phpmyadmin.net/
--
-- 主機： 127.0.0.1
-- 產生時間： 2022-09-23 20:45:58
-- 伺服器版本： 10.5.17-MariaDB
-- PHP 版本： 7.4.29

SET SQL_MODE = "NO_AUTO_VALUE_ON_ZERO";
START TRANSACTION;
SET time_zone = "+00:00";


/*!40101 SET @OLD_CHARACTER_SET_CLIENT=@@CHARACTER_SET_CLIENT */;
/*!40101 SET @OLD_CHARACTER_SET_RESULTS=@@CHARACTER_SET_RESULTS */;
/*!40101 SET @OLD_COLLATION_CONNECTION=@@COLLATION_CONNECTION */;
/*!40101 SET NAMES utf8mb4 */;

--
-- 資料庫： `hiking`
--

-- --------------------------------------------------------

--
-- 資料表結構 `admins`
--

CREATE TABLE `admins` (
  `sid` int(11) NOT NULL,
  `account` varchar(255) NOT NULL,
  `password` varchar(255) NOT NULL,
  `password_hash` varchar(255) NOT NULL,
  `admin_group` int(11) NOT NULL DEFAULT 0,
  `created_at` datetime NOT NULL DEFAULT current_timestamp()
) ENGINE=InnoDB DEFAULT CHARSET=utf8;

--
-- 傾印資料表的資料 `admins`
--

INSERT INTO `admins` (`sid`, `account`, `password`, `password_hash`, `admin_group`, `created_at`) VALUES
(1, 'admin', '123456', '$2y$10$x6z/UbHLcnT5KTiqrO470u90W0yHfOG9j782Vjy0XWeOjSp2qfeuO', 0, '2022-09-19 11:31:32');

-- --------------------------------------------------------

--
-- 資料表結構 `booking_order`
--

CREATE TABLE `booking_order` (
  `sid` int(11) NOT NULL,
  `order_num` varchar(255) NOT NULL,
  `room_sid` int(11) NOT NULL,
  `start` datetime DEFAULT NULL,
  `end` datetime DEFAULT NULL,
  `qty` int(255) NOT NULL,
  `total` int(255) NOT NULL,
  `created_time` datetime NOT NULL DEFAULT current_timestamp()
) ENGINE=InnoDB DEFAULT CHARSET=utf8;

--
-- 傾印資料表的資料 `booking_order`
--

INSERT INTO `booking_order` (`sid`, `order_num`, `room_sid`, `start`, `end`, `qty`, `total`, `created_time`) VALUES
(8, '20220922122729', 25, '2022-09-22 00:00:00', '2022-10-01 00:00:00', 1, 300, '2022-09-22 12:27:29'),
(9, '20220922031127', 25, '2022-09-22 00:00:00', '2022-09-24 00:00:00', 1, 300, '2022-09-22 15:11:27'),
(10, '20220923024833', 49, '2022-09-23 00:00:00', '2022-09-30 00:00:00', 4, 2400, '2022-09-23 14:48:33'),
(11, '20220923025328', 49, '2022-09-15 00:00:00', '2022-09-24 00:00:00', 1, 600, '2022-09-23 14:53:28'),
(12, '20220923035111', 49, '2022-09-14 00:00:00', '2022-09-24 00:00:00', 1, 600, '2022-09-23 15:51:11');

-- --------------------------------------------------------

--
-- 資料表結構 `brand`
--

CREATE TABLE `brand` (
  `brand_sid` int(11) NOT NULL,
  `brand_name` varchar(255) NOT NULL
) ENGINE=InnoDB DEFAULT CHARSET=utf8;

--
-- 傾印資料表的資料 `brand`
--

INSERT INTO `brand` (`brand_sid`, `brand_name`) VALUES
(1, 'Nike'),
(2, 'Adidas'),
(3, 'North Face'),
(4, 'Decathlon'),
(5, 'LOWA'),
(6, 'Mammut'),
(7, 'ARC\'TERYX'),
(8, 'sea to summit'),
(9, 'Rudy Project'),
(10, 'Fjällräven'),
(11, 'montbell'),
(12, 'Black Diamond'),
(13, 'Mystery Ranch '),
(14, 'Osprey'),
(15, 'KAVU'),
(16, 'Nalgene'),
(17, 'Camelbak '),
(18, 'Hydrapak'),
(19, 'EVERNEW'),
(20, 'ZIPPO'),
(21, 'ACME '),
(22, 'PETZL'),
(23, 'Trekmates '),
(24, 'Outdoor Research '),
(25, 'Salomon');

-- --------------------------------------------------------

--
-- 資料表結構 `campaign`
--

CREATE TABLE `campaign` (
  `sid` int(255) NOT NULL,
  `name` varchar(255) NOT NULL,
  `location_sid` int(30) NOT NULL,
  `campaign_type_sid` int(100) NOT NULL,
  `price` int(100) NOT NULL,
  `camp_startdate` date NOT NULL,
  `camp_enddate` date NOT NULL,
  `brife_describe` text NOT NULL,
  `schedule_describe` text NOT NULL,
  `qty` int(100) NOT NULL,
  `mainImage` varchar(255) NOT NULL,
  `bigImage` varchar(255) DEFAULT NULL,
  `detailImage` varchar(255) DEFAULT NULL
) ENGINE=InnoDB DEFAULT CHARSET=utf8mb4;

--
-- 傾印資料表的資料 `campaign`
--

INSERT INTO `campaign` (`sid`, `name`, `location_sid`, `campaign_type_sid`, `price`, `camp_startdate`, `camp_enddate`, `brife_describe`, `schedule_describe`, `qty`, `mainImage`, `bigImage`, `detailImage`) VALUES
(1, '百岳單攻聖品 一日單攻', 1, 1, 1200, '2022-09-10', '2022-12-31', '是一座山友岳人們口耳相傳的百岳單攻聖品，1700公尺的極限陡上路段，極致的挑戰你的腿力、毅力、與耐力\n身為八秀之一、同時也是早期上雪山的唯一道路，山頂稜嶺寬闊、擁有360度無死角的絕佳展望', 'Day1\n\n03:00 準時開車\n\n04:00 司界蘭溪吊橋起登\n\n05:30 3.1k 營地\n\n09:00 賽良久營地\n\n10:30 瓢簞山屋\n\n11:00 志佳陽基點峰\n\n11:30 志佳陽大山最高峰（午餐自理） \n\n14:30 3.1k 營地\n\n16:00 司界蘭溪吊橋\n\n16:30 出發回程\n\n20:00 台北火車站西三門解散', 100, 'campmain10001.jpg', 'campbig10001.jpg', 'campdetail10001.jpg'),
(2, '台灣第二高峰 兩天一夜中階難度', 2, 2, 2200, '2022-09-10', '2022-12-31', '是一座山友岳人們口耳相傳的百岳單攻聖品，1700公尺的極限陡上路段，極致的挑戰你的腿力、毅力、與耐力\n身為八秀之一、同時也是早期上雪山的唯一道路，山頂稜嶺寬闊、擁有360度無死角的絕佳展望', 'Day1\n\n03:00 準時開車\n\n04:00 司界蘭溪吊橋起登\n\n05:30 3.1k 營地\n\n09:00 賽良久營地\n\n10:30 瓢簞山屋\n\n11:00 志佳陽基點峰\n\n11:30 志佳陽大山最高峰（午餐自理） \n\n14:30 3.1k 營地\n\n16:00 司界蘭溪吊橋\n\n16:30 出發回程\n\n20:00 台北火車站西三門解散', 100, 'campmain10002.jpg', 'campbig10002.jpg', 'campdetail10002.jpg'),
(3, '漫遊森林接駁 三天兩夜中階難度', 1, 3, 3100, '2022-09-10', '2022-12-31', '是一座山友岳人們口耳相傳的百岳單攻聖品，1700公尺的極限陡上路段，極致的挑戰你的腿力、毅力、與耐力\n身為八秀之一、同時也是早期上雪山的唯一道路，山頂稜嶺寬闊、擁有360度無死角的絕佳展望', 'Day1\n\n03:00 準時開車\n\n04:00 司界蘭溪吊橋起登\n\n05:30 3.1k 營地\n\n09:00 賽良久營地\n\n10:30 瓢簞山屋\n\n11:00 志佳陽基點峰\n\n11:30 志佳陽大山最高峰（午餐自理） \n\n14:30 3.1k 營地\n\n16:00 司界蘭溪吊橋\n\n16:30 出發回程\n\n20:00 台北火車站西三門解散', 100, 'campmain10003.jpg', 'campbig10003.jpg', 'campdetail10003.jpg'),
(4, '百岳單攻聖品 一日單攻', 2, 1, 1300, '2022-09-10', '2022-12-31', '是一座山友岳人們口耳相傳的百岳單攻聖品，1700公尺的極限陡上路段，極致的挑戰你的腿力、毅力、與耐力\n身為八秀之一、同時也是早期上雪山的唯一道路，山頂稜嶺寬闊、擁有360度無死角的絕佳展望', 'Day1\n\n03:00 準時開車\n\n04:00 司界蘭溪吊橋起登\n\n05:30 3.1k 營地\n\n09:00 賽良久營地\n\n10:30 瓢簞山屋\n\n11:00 志佳陽基點峰\n\n11:30 志佳陽大山最高峰（午餐自理） \n\n14:30 3.1k 營地\n\n16:00 司界蘭溪吊橋\n\n16:30 出發回程\n\n20:00 台北火車站西三門解散', 100, 'campmain10004.jpg', 'campbig10004.jpg', 'campdetail10004.jpg'),
(5, '百岳單攻聖品 一日單攻', 5, 1, 1500, '2022-09-10', '2022-12-31', '是一座山友岳人們口耳相傳的百岳單攻聖品，1700公尺的極限陡上路段，極致的挑戰你的腿力、毅力、與耐力\n身為八秀之一、同時也是早期上雪山的唯一道路，山頂稜嶺寬闊、擁有360度無死角的絕佳展望', 'Day1\n\n03:00 準時開車\n\n04:00 司界蘭溪吊橋起登\n\n05:30 3.1k 營地\n\n09:00 賽良久營地\n\n10:30 瓢簞山屋\n\n11:00 志佳陽基點峰\n\n11:30 志佳陽大山最高峰（午餐自理） \n\n14:30 3.1k 營地\n\n16:00 司界蘭溪吊橋\n\n16:30 出發回程\n\n20:00 台北火車站西三門解散', 100, 'campmain10005.jpg', 'campbig10005.jpg', 'campdetail10005.jpg'),
(6, '百岳單攻聖品 一日單攻', 6, 1, 1800, '2022-09-10', '2022-12-31', '是一座山友岳人們口耳相傳的百岳單攻聖品，1700公尺的極限陡上路段，極致的挑戰你的腿力、毅力、與耐力\n身為八秀之一、同時也是早期上雪山的唯一道路，山頂稜嶺寬闊、擁有360度無死角的絕佳展望', 'Day1\n\n03:00 準時開車\n\n04:00 司界蘭溪吊橋起登\n\n05:30 3.1k 營地\n\n09:00 賽良久營地\n\n10:30 瓢簞山屋\n\n11:00 志佳陽基點峰\n\n11:30 志佳陽大山最高峰（午餐自理） \n\n14:30 3.1k 營地\n\n16:00 司界蘭溪吊橋\n\n16:30 出發回程\n\n20:00 台北火車站西三門解散', 100, 'campmain10006.jpg', 'campbig10006.jpg', 'campdetail10006.jpg'),
(7, '百岳單攻聖品 一日單攻', 7, 1, 1800, '2022-09-10', '2022-12-31', '是一座山友岳人們口耳相傳的百岳單攻聖品，1700公尺的極限陡上路段，極致的挑戰你的腿力、毅力、與耐力\n身為八秀之一、同時也是早期上雪山的唯一道路，山頂稜嶺寬闊、擁有360度無死角的絕佳展望', 'Day1\n\n03:00 準時開車\n\n04:00 司界蘭溪吊橋起登\n\n05:30 3.1k 營地\n\n09:00 賽良久營地\n\n10:30 瓢簞山屋\n\n11:00 志佳陽基點峰\n\n11:30 志佳陽大山最高峰（午餐自理） \n\n14:30 3.1k 營地\n\n16:00 司界蘭溪吊橋\n\n16:30 出發回程\n\n20:00 台北火車站西三門解散', 100, 'campmain10007.jpg', 'campbig10007.jpg', 'campdetail10007.jpg'),
(8, '百岳單攻聖品 一日單攻', 8, 1, 1200, '2022-09-10', '2022-12-31', '是一座山友岳人們口耳相傳的百岳單攻聖品，1700公尺的極限陡上路段，極致的挑戰你的腿力、毅力、與耐力\n身為八秀之一、同時也是早期上雪山的唯一道路，山頂稜嶺寬闊、擁有360度無死角的絕佳展望', 'Day1\n\n03:00 準時開車\n\n04:00 司界蘭溪吊橋起登\n\n05:30 3.1k 營地\n\n09:00 賽良久營地\n\n10:30 瓢簞山屋\n\n11:00 志佳陽基點峰\n\n11:30 志佳陽大山最高峰（午餐自理） \n\n14:30 3.1k 營地\n\n16:00 司界蘭溪吊橋\n\n16:30 出發回程\n\n20:00 台北火車站西三門解散', 100, 'campmain10008.jpg', 'campbig10008.jpg', 'campdetail10008.jpg'),
(9, '百岳單攻聖品 一日單攻', 9, 1, 1200, '2022-09-10', '2022-12-31', '是一座山友岳人們口耳相傳的百岳單攻聖品，1700公尺的極限陡上路段，極致的挑戰你的腿力、毅力、與耐力\n身為八秀之一、同時也是早期上雪山的唯一道路，山頂稜嶺寬闊、擁有360度無死角的絕佳展望', 'Day1\n\n03:00 準時開車\n\n04:00 司界蘭溪吊橋起登\n\n05:30 3.1k 營地\n\n09:00 賽良久營地\n\n10:30 瓢簞山屋\n\n11:00 志佳陽基點峰\n\n11:30 志佳陽大山最高峰（午餐自理） \n\n14:30 3.1k 營地\n\n16:00 司界蘭溪吊橋\n\n16:30 出發回程\n\n20:00 台北火車站西三門解散', 100, 'campmain10009.jpg', 'campbig10009.jpg', 'campdetail10009.jpg'),
(10, '百岳單攻聖品 一日單攻', 8, 1, 1200, '2022-09-10', '2022-12-31', '是一座山友岳人們口耳相傳的百岳單攻聖品，1700公尺的極限陡上路段，極致的挑戰你的腿力、毅力、與耐力\n身為八秀之一、同時也是早期上雪山的唯一道路，山頂稜嶺寬闊、擁有360度無死角的絕佳展望', 'Day1\n\n03:00 準時開車\n\n04:00 司界蘭溪吊橋起登\n\n05:30 3.1k 營地\n\n09:00 賽良久營地\n\n10:30 瓢簞山屋\n\n11:00 志佳陽基點峰\n\n11:30 志佳陽大山最高峰（午餐自理） \n\n14:30 3.1k 營地\n\n16:00 司界蘭溪吊橋\n\n16:30 出發回程\n\n20:00 台北火車站西三門解散', 100, 'campmain10010.jpg', 'campbig10010.jpg', 'campdetail10010.jpg'),
(11, '百岳單攻聖品 一日單攻', 9, 1, 1500, '2022-09-10', '2022-12-31', '是一座山友岳人們口耳相傳的百岳單攻聖品，1700公尺的極限陡上路段，極致的挑戰你的腿力、毅力、與耐力\n身為八秀之一、同時也是早期上雪山的唯一道路，山頂稜嶺寬闊、擁有360度無死角的絕佳展望', 'Day1\n\n03:00 準時開車\n\n04:00 司界蘭溪吊橋起登\n\n05:30 3.1k 營地\n\n09:00 賽良久營地\n\n10:30 瓢簞山屋\n\n11:00 志佳陽基點峰\n\n11:30 志佳陽大山最高峰（午餐自理） \n\n14:30 3.1k 營地\n\n16:00 司界蘭溪吊橋\n\n16:30 出發回程\n\n20:00 台北火車站西三門解散', 100, 'campmain10011.jpg', 'campbig10011.jpg', 'campdetail10011.jpg'),
(12, '百岳單攻聖品 一日單攻', 10, 1, 1300, '2022-09-10', '2022-12-31', '是一座山友岳人們口耳相傳的百岳單攻聖品，1700公尺的極限陡上路段，極致的挑戰你的腿力、毅力、與耐力\n身為八秀之一、同時也是早期上雪山的唯一道路，山頂稜嶺寬闊、擁有360度無死角的絕佳展望', 'Day1\n\n03:00 準時開車\n\n04:00 司界蘭溪吊橋起登\n\n05:30 3.1k 營地\n\n09:00 賽良久營地\n\n10:30 瓢簞山屋\n\n11:00 志佳陽基點峰\n\n11:30 志佳陽大山最高峰（午餐自理） \n\n14:30 3.1k 營地\n\n16:00 司界蘭溪吊橋\n\n16:30 出發回程\n\n20:00 台北火車站西三門解散', 100, 'campmain10012.jpg', 'campbig10012.jpg', 'campdetail10012.jpg'),
(13, '台灣第二高峰 兩天一夜中階難度', 1, 2, 2800, '2022-09-10', '2022-12-31', '是一座山友岳人們口耳相傳的百岳單攻聖品，1700公尺的極限陡上路段，極致的挑戰你的腿力、毅力、與耐力\n身為八秀之一、同時也是早期上雪山的唯一道路，山頂稜嶺寬闊、擁有360度無死角的絕佳展望', 'Day1\n\n03:00 準時開車\n\n04:00 司界蘭溪吊橋起登\n\n05:30 3.1k 營地\n\n09:00 賽良久營地\n\n10:30 瓢簞山屋\n\n11:00 志佳陽基點峰\n\n11:30 志佳陽大山最高峰（午餐自理） \n\n14:30 3.1k 營地\n\n16:00 司界蘭溪吊橋\n\n16:30 出發回程\n\n20:00 台北火車站西三門解散', 100, 'campmain10013.jpg', 'campbig10013.jpg', 'campdetail10013.jpg'),
(14, '漫遊森林接駁 三天兩夜中階難度', 2, 3, 3600, '2022-09-10', '2022-12-31', '是一座山友岳人們口耳相傳的百岳單攻聖品，1700公尺的極限陡上路段，極致的挑戰你的腿力、毅力、與耐力\n身為八秀之一、同時也是早期上雪山的唯一道路，山頂稜嶺寬闊、擁有360度無死角的絕佳展望', 'Day1\n\n03:00 準時開車\n\n04:00 司界蘭溪吊橋起登\n\n05:30 3.1k 營地\n\n09:00 賽良久營地\n\n10:30 瓢簞山屋\n\n11:00 志佳陽基點峰\n\n11:30 志佳陽大山最高峰（午餐自理） \n\n14:30 3.1k 營地\n\n16:00 司界蘭溪吊橋\n\n16:30 出發回程\n\n20:00 台北火車站西三門解散', 100, 'campmain10014.jpg', 'campbig10014.jpg', 'campdetail10014.jpg'),
(15, '台灣第二高峰 兩天一夜中階難度', 13, 2, 2800, '2022-09-10', '2022-12-31', '是一座山友岳人們口耳相傳的百岳單攻聖品，1700公尺的極限陡上路段，極致的挑戰你的腿力、毅力、與耐力\n身為八秀之一、同時也是早期上雪山的唯一道路，山頂稜嶺寬闊、擁有360度無死角的絕佳展望', 'Day1\n\n03:00 準時開車\n\n04:00 司界蘭溪吊橋起登\n\n05:30 3.1k 營地\n\n09:00 賽良久營地\n\n10:30 瓢簞山屋\n\n11:00 志佳陽基點峰\n\n11:30 志佳陽大山最高峰（午餐自理） \n\n14:30 3.1k 營地\n\n16:00 司界蘭溪吊橋\n\n16:30 出發回程\n\n20:00 台北火車站西三門解散', 100, 'campmain10015.jpg', 'campbig10015.jpg', 'campdetail10015.jpg'),
(16, '台灣第二高峰 兩天一夜中階難度', 14, 2, 2800, '2022-09-10', '2022-12-31', '是一座山友岳人們口耳相傳的百岳單攻聖品，1700公尺的極限陡上路段，極致的挑戰你的腿力、毅力、與耐力\n身為八秀之一、同時也是早期上雪山的唯一道路，山頂稜嶺寬闊、擁有360度無死角的絕佳展望', 'Day1\n\n03:00 準時開車\n\n04:00 司界蘭溪吊橋起登\n\n05:30 3.1k 營地\n\n09:00 賽良久營地\n\n10:30 瓢簞山屋\n\n11:00 志佳陽基點峰\n\n11:30 志佳陽大山最高峰（午餐自理） \n\n14:30 3.1k 營地\n\n16:00 司界蘭溪吊橋\n\n16:30 出發回程\n\n20:00 台北火車站西三門解散', 100, 'campmain10016.jpg', 'campbig10016.jpg', 'campdetail10016.jpg'),
(17, '台灣第二高峰 兩天一夜中階難度', 15, 2, 2200, '2022-09-10', '2022-12-31', '是一座山友岳人們口耳相傳的百岳單攻聖品，1700公尺的極限陡上路段，極致的挑戰你的腿力、毅力、與耐力\n身為八秀之一、同時也是早期上雪山的唯一道路，山頂稜嶺寬闊、擁有360度無死角的絕佳展望', 'Day1\n\n03:00 準時開車\n\n04:00 司界蘭溪吊橋起登\n\n05:30 3.1k 營地\n\n09:00 賽良久營地\n\n10:30 瓢簞山屋\n\n11:00 志佳陽基點峰\n\n11:30 志佳陽大山最高峰（午餐自理） \n\n14:30 3.1k 營地\n\n16:00 司界蘭溪吊橋\n\n16:30 出發回程\n\n20:00 台北火車站西三門解散', 100, 'campmain10017.jpg', 'campbig10017.jpg', 'campdetail10017.jpg'),
(18, '台灣第二高峰 兩天一夜中階難度', 1, 2, 2300, '2022-09-10', '2022-12-31', '是一座山友岳人們口耳相傳的百岳單攻聖品，1700公尺的極限陡上路段，極致的挑戰你的腿力、毅力、與耐力\n身為八秀之一、同時也是早期上雪山的唯一道路，山頂稜嶺寬闊、擁有360度無死角的絕佳展望', 'Day1\n\n03:00 準時開車\n\n04:00 司界蘭溪吊橋起登\n\n05:30 3.1k 營地\n\n09:00 賽良久營地\n\n10:30 瓢簞山屋\n\n11:00 志佳陽基點峰\n\n11:30 志佳陽大山最高峰（午餐自理） \n\n14:30 3.1k 營地\n\n16:00 司界蘭溪吊橋\n\n16:30 出發回程\n\n20:00 台北火車站西三門解散', 100, 'campmain10018.jpg', 'campbig10018.jpg', 'campdetail10018.jpg'),
(19, '百岳單攻聖品 一日單攻', 12, 1, 1300, '2022-09-10', '2022-12-31', '是一座山友岳人們口耳相傳的百岳單攻聖品，1700公尺的極限陡上路段，極致的挑戰你的腿力、毅力、與耐力\n身為八秀之一、同時也是早期上雪山的唯一道路，山頂稜嶺寬闊、擁有360度無死角的絕佳展望', 'Day1\n\n03:00 準時開車\n\n04:00 司界蘭溪吊橋起登\n\n05:30 3.1k 營地\n\n09:00 賽良久營地\n\n10:30 瓢簞山屋\n\n11:00 志佳陽基點峰\n\n11:30 志佳陽大山最高峰（午餐自理） \n\n14:30 3.1k 營地\n\n16:00 司界蘭溪吊橋\n\n16:30 出發回程\n\n20:00 台北火車站西三門解散', 100, 'campmain10019.jpg', 'campbig10019.jpg', 'campdetail10019.jpg'),
(20, '台灣第二高峰 兩天一夜中階難度', 13, 2, 2200, '2022-09-10', '2022-12-31', '是一座山友岳人們口耳相傳的百岳單攻聖品，1700公尺的極限陡上路段，極致的挑戰你的腿力、毅力、與耐力\n身為八秀之一、同時也是早期上雪山的唯一道路，山頂稜嶺寬闊、擁有360度無死角的絕佳展望', 'Day1\n\n03:00 準時開車\n\n04:00 司界蘭溪吊橋起登\n\n05:30 3.1k 營地\n\n09:00 賽良久營地\n\n10:30 瓢簞山屋\n\n11:00 志佳陽基點峰\n\n11:30 志佳陽大山最高峰（午餐自理） \n\n14:30 3.1k 營地\n\n16:00 司界蘭溪吊橋\n\n16:30 出發回程\n\n20:00 台北火車站西三門解散', 100, 'campmain10020.jpg', 'campbig10020.jpg', 'campdetail10020.jpg'),
(21, '漫遊森林接駁 三天兩夜中階難度', 14, 3, 3300, '2022-09-10', '2022-12-31', '是一座山友岳人們口耳相傳的百岳單攻聖品，1700公尺的極限陡上路段，極致的挑戰你的腿力、毅力、與耐力\n身為八秀之一、同時也是早期上雪山的唯一道路，山頂稜嶺寬闊、擁有360度無死角的絕佳展望', 'Day1\n\n03:00 準時開車\n\n04:00 司界蘭溪吊橋起登\n\n05:30 3.1k 營地\n\n09:00 賽良久營地\n\n10:30 瓢簞山屋\n\n11:00 志佳陽基點峰\n\n11:30 志佳陽大山最高峰（午餐自理） \n\n14:30 3.1k 營地\n\n16:00 司界蘭溪吊橋\n\n16:30 出發回程\n\n20:00 台北火車站西三門解散', 100, 'campmain10021.jpg', 'campbig10021.jpg', 'campdetail10021.jpg'),
(22, '台灣第二高峰 兩天一夜中階難度', 15, 2, 2000, '2022-09-10', '2022-12-31', '是一座山友岳人們口耳相傳的百岳單攻聖品，1700公尺的極限陡上路段，極致的挑戰你的腿力、毅力、與耐力\n身為八秀之一、同時也是早期上雪山的唯一道路，山頂稜嶺寬闊、擁有360度無死角的絕佳展望', 'Day1\n\n03:00 準時開車\n\n04:00 司界蘭溪吊橋起登\n\n05:30 3.1k 營地\n\n09:00 賽良久營地\n\n10:30 瓢簞山屋\n\n11:00 志佳陽基點峰\n\n11:30 志佳陽大山最高峰（午餐自理） \n\n14:30 3.1k 營地\n\n16:00 司界蘭溪吊橋\n\n16:30 出發回程\n\n20:00 台北火車站西三門解散', 100, 'campmain10022.jpg', 'campbig10022.jpg', 'campdetail10022.jpg'),
(23, '台灣第二高峰 兩天一夜中階難度', 16, 2, 2000, '2022-09-10', '2022-12-31', '是一座山友岳人們口耳相傳的百岳單攻聖品，1700公尺的極限陡上路段，極致的挑戰你的腿力、毅力、與耐力\n身為八秀之一、同時也是早期上雪山的唯一道路，山頂稜嶺寬闊、擁有360度無死角的絕佳展望', 'Day1\n\n03:00 準時開車\n\n04:00 司界蘭溪吊橋起登\n\n05:30 3.1k 營地\n\n09:00 賽良久營地\n\n10:30 瓢簞山屋\n\n11:00 志佳陽基點峰\n\n11:30 志佳陽大山最高峰（午餐自理） \n\n14:30 3.1k 營地\n\n16:00 司界蘭溪吊橋\n\n16:30 出發回程\n\n20:00 台北火車站西三門解散', 100, 'campmain10023.jpg', 'campbig10023.jpg', 'campdetail10023.jpg'),
(24, '台灣第二高峰 兩天一夜中階難度', 7, 2, 2000, '2022-09-10', '2022-12-31', '是一座山友岳人們口耳相傳的百岳單攻聖品，1700公尺的極限陡上路段，極致的挑戰你的腿力、毅力、與耐力\n身為八秀之一、同時也是早期上雪山的唯一道路，山頂稜嶺寬闊、擁有360度無死角的絕佳展望', 'Day1\n\n03:00 準時開車\n\n04:00 司界蘭溪吊橋起登\n\n05:30 3.1k 營地\n\n09:00 賽良久營地\n\n10:30 瓢簞山屋\n\n11:00 志佳陽基點峰\n\n11:30 志佳陽大山最高峰（午餐自理） \n\n14:30 3.1k 營地\n\n16:00 司界蘭溪吊橋\n\n16:30 出發回程\n\n20:00 台北火車站西三門解散', 100, 'campmain10024.jpg', 'campbig10024.jpg', 'campdetail10024.jpg'),
(25, '台灣第二高峰 兩天一夜中階難度', 8, 2, 2000, '2022-09-10', '2022-12-31', '是一座山友岳人們口耳相傳的百岳單攻聖品，1700公尺的極限陡上路段，極致的挑戰你的腿力、毅力、與耐力\n身為八秀之一、同時也是早期上雪山的唯一道路，山頂稜嶺寬闊、擁有360度無死角的絕佳展望', 'Day1\n\n03:00 準時開車\n\n04:00 司界蘭溪吊橋起登\n\n05:30 3.1k 營地\n\n09:00 賽良久營地\n\n10:30 瓢簞山屋\n\n11:00 志佳陽基點峰\n\n11:30 志佳陽大山最高峰（午餐自理） \n\n14:30 3.1k 營地\n\n16:00 司界蘭溪吊橋\n\n16:30 出發回程\n\n20:00 台北火車站西三門解散', 100, 'campmain10025.jpg', 'campbig10025.jpg', 'campdetail10025.jpg'),
(26, '台灣第二高峰 兩天一夜中階難度', 9, 2, 2800, '2022-09-10', '2022-12-31', '是一座山友岳人們口耳相傳的百岳單攻聖品，1700公尺的極限陡上路段，極致的挑戰你的腿力、毅力、與耐力\n身為八秀之一、同時也是早期上雪山的唯一道路，山頂稜嶺寬闊、擁有360度無死角的絕佳展望', 'Day1\n\n03:00 準時開車\n\n04:00 司界蘭溪吊橋起登\n\n05:30 3.1k 營地\n\n09:00 賽良久營地\n\n10:30 瓢簞山屋\n\n11:00 志佳陽基點峰\n\n11:30 志佳陽大山最高峰（午餐自理） \n\n14:30 3.1k 營地\n\n16:00 司界蘭溪吊橋\n\n16:30 出發回程\n\n20:00 台北火車站西三門解散', 100, 'campmain10026.jpg', 'campbig10026.jpg', 'campdetail10026.jpg'),
(27, '台灣第二高峰 兩天一夜中階難度', 10, 2, 2800, '2022-09-10', '2022-12-31', '是一座山友岳人們口耳相傳的百岳單攻聖品，1700公尺的極限陡上路段，極致的挑戰你的腿力、毅力、與耐力\n身為八秀之一、同時也是早期上雪山的唯一道路，山頂稜嶺寬闊、擁有360度無死角的絕佳展望', 'Day1\n\n03:00 準時開車\n\n04:00 司界蘭溪吊橋起登\n\n05:30 3.1k 營地\n\n09:00 賽良久營地\n\n10:30 瓢簞山屋\n\n11:00 志佳陽基點峰\n\n11:30 志佳陽大山最高峰（午餐自理） \n\n14:30 3.1k 營地\n\n16:00 司界蘭溪吊橋\n\n16:30 出發回程\n\n20:00 台北火車站西三門解散', 100, 'campmain10027.jpg', 'campbig10027.jpg', 'campdetail10027.jpg'),
(28, '台灣第二高峰 兩天一夜中階難度', 11, 2, 2500, '2022-09-10', '2022-12-31', '是一座山友岳人們口耳相傳的百岳單攻聖品，1700公尺的極限陡上路段，極致的挑戰你的腿力、毅力、與耐力\n身為八秀之一、同時也是早期上雪山的唯一道路，山頂稜嶺寬闊、擁有360度無死角的絕佳展望', 'Day1\n\n03:00 準時開車\n\n04:00 司界蘭溪吊橋起登\n\n05:30 3.1k 營地\n\n09:00 賽良久營地\n\n10:30 瓢簞山屋\n\n11:00 志佳陽基點峰\n\n11:30 志佳陽大山最高峰（午餐自理） \n\n14:30 3.1k 營地\n\n16:00 司界蘭溪吊橋\n\n16:30 出發回程\n\n20:00 台北火車站西三門解散', 100, 'campmain10028.jpg', 'campbig10028.jpg', 'campdetail10028.jpg'),
(29, '台灣第二高峰 兩天一夜中階難度', 3, 2, 2500, '2022-09-10', '2022-12-31', '是一座山友岳人們口耳相傳的百岳單攻聖品，1700公尺的極限陡上路段，極致的挑戰你的腿力、毅力、與耐力\n身為八秀之一、同時也是早期上雪山的唯一道路，山頂稜嶺寬闊、擁有360度無死角的絕佳展望', 'Day1\n\n03:00 準時開車\n\n04:00 司界蘭溪吊橋起登\n\n05:30 3.1k 營地\n\n09:00 賽良久營地\n\n10:30 瓢簞山屋\n\n11:00 志佳陽基點峰\n\n11:30 志佳陽大山最高峰（午餐自理） \n\n14:30 3.1k 營地\n\n16:00 司界蘭溪吊橋\n\n16:30 出發回程\n\n20:00 台北火車站西三門解散', 100, 'campmain10029.jpg', 'campbig10029.jpg', 'campdetail10029.jpg'),
(30, '台灣第二高峰 兩天一夜中階難度', 5, 2, 2500, '2022-09-10', '2022-12-31', '是一座山友岳人們口耳相傳的百岳單攻聖品，1700公尺的極限陡上路段，極致的挑戰你的腿力、毅力、與耐力\n身為八秀之一、同時也是早期上雪山的唯一道路，山頂稜嶺寬闊、擁有360度無死角的絕佳展望', 'Day1\n\n03:00 準時開車\n\n04:00 司界蘭溪吊橋起登\n\n05:30 3.1k 營地\n\n09:00 賽良久營地\n\n10:30 瓢簞山屋\n\n11:00 志佳陽基點峰\n\n11:30 志佳陽大山最高峰（午餐自理） \n\n14:30 3.1k 營地\n\n16:00 司界蘭溪吊橋\n\n16:30 出發回程\n\n20:00 台北火車站西三門解散', 100, 'campmain10030.jpg', 'campbig10030.jpg', 'campdetail10030.jpg'),
(31, '台灣第二高峰 兩天一夜中階難度', 1, 2, 2500, '2022-09-10', '2022-12-31', '是一座山友岳人們口耳相傳的百岳單攻聖品，1700公尺的極限陡上路段，極致的挑戰你的腿力、毅力、與耐力\n身為八秀之一、同時也是早期上雪山的唯一道路，山頂稜嶺寬闊、擁有360度無死角的絕佳展望', 'Day1\n\n03:00 準時開車\n\n04:00 司界蘭溪吊橋起登\n\n05:30 3.1k 營地\n\n09:00 賽良久營地\n\n10:30 瓢簞山屋\n\n11:00 志佳陽基點峰\n\n11:30 志佳陽大山最高峰（午餐自理） \n\n14:30 3.1k 營地\n\n16:00 司界蘭溪吊橋\n\n16:30 出發回程\n\n20:00 台北火車站西三門解散', 100, 'campmain10031.jpg', 'campbig10031.jpg', 'campdetail10031.jpg'),
(32, '台灣第二高峰 兩天一夜中階難度', 2, 2, 2500, '2022-09-10', '2022-12-31', '是一座山友岳人們口耳相傳的百岳單攻聖品，1700公尺的極限陡上路段，極致的挑戰你的腿力、毅力、與耐力\n身為八秀之一、同時也是早期上雪山的唯一道路，山頂稜嶺寬闊、擁有360度無死角的絕佳展望', 'Day1\n\n03:00 準時開車\n\n04:00 司界蘭溪吊橋起登\n\n05:30 3.1k 營地\n\n09:00 賽良久營地\n\n10:30 瓢簞山屋\n\n11:00 志佳陽基點峰\n\n11:30 志佳陽大山最高峰（午餐自理） \n\n14:30 3.1k 營地\n\n16:00 司界蘭溪吊橋\n\n16:30 出發回程\n\n20:00 台北火車站西三門解散', 100, 'campmain10032.jpg', 'campbig10032.jpg', 'campdetail10032.jpg'),
(33, '台灣第二高峰 兩天一夜中階難度', 8, 2, 2800, '2022-09-10', '2022-12-31', '是一座山友岳人們口耳相傳的百岳單攻聖品，1700公尺的極限陡上路段，極致的挑戰你的腿力、毅力、與耐力\n身為八秀之一、同時也是早期上雪山的唯一道路，山頂稜嶺寬闊、擁有360度無死角的絕佳展望', 'Day1\n\n03:00 準時開車\n\n04:00 司界蘭溪吊橋起登\n\n05:30 3.1k 營地\n\n09:00 賽良久營地\n\n10:30 瓢簞山屋\n\n11:00 志佳陽基點峰\n\n11:30 志佳陽大山最高峰（午餐自理） \n\n14:30 3.1k 營地\n\n16:00 司界蘭溪吊橋\n\n16:30 出發回程\n\n20:00 台北火車站西三門解散', 100, 'campmain10033.jpg', 'campbig10033.jpg', 'campdetail10033.jpg'),
(34, '台灣第二高峰 兩天一夜中階難度', 9, 2, 2800, '2022-09-10', '2022-12-31', '是一座山友岳人們口耳相傳的百岳單攻聖品，1700公尺的極限陡上路段，極致的挑戰你的腿力、毅力、與耐力\n身為八秀之一、同時也是早期上雪山的唯一道路，山頂稜嶺寬闊、擁有360度無死角的絕佳展望', 'Day1\n\n03:00 準時開車\n\n04:00 司界蘭溪吊橋起登\n\n05:30 3.1k 營地\n\n09:00 賽良久營地\n\n10:30 瓢簞山屋\n\n11:00 志佳陽基點峰\n\n11:30 志佳陽大山最高峰（午餐自理） \n\n14:30 3.1k 營地\n\n16:00 司界蘭溪吊橋\n\n16:30 出發回程\n\n20:00 台北火車站西三門解散', 100, 'campmain10034.jpg', 'campbig10034.jpg', 'campdetail10034.jpg'),
(35, '漫遊森林接駁 三天兩夜中階難度', 10, 3, 3300, '2022-09-10', '2022-12-31', '是一座山友岳人們口耳相傳的百岳單攻聖品，1700公尺的極限陡上路段，極致的挑戰你的腿力、毅力、與耐力\n身為八秀之一、同時也是早期上雪山的唯一道路，山頂稜嶺寬闊、擁有360度無死角的絕佳展望', 'Day1\n\n03:00 準時開車\n\n04:00 司界蘭溪吊橋起登\n\n05:30 3.1k 營地\n\n09:00 賽良久營地\n\n10:30 瓢簞山屋\n\n11:00 志佳陽基點峰\n\n11:30 志佳陽大山最高峰（午餐自理） \n\n14:30 3.1k 營地\n\n16:00 司界蘭溪吊橋\n\n16:30 出發回程\n\n20:00 台北火車站西三門解散', 100, 'campmain10035.jpg', 'campbig10035.jpg', 'campdetail10035.jpg'),
(36, '漫遊森林接駁 三天兩夜中階難度', 11, 3, 3300, '2022-09-10', '2022-12-31', '是一座山友岳人們口耳相傳的百岳單攻聖品，1700公尺的極限陡上路段，極致的挑戰你的腿力、毅力、與耐力\n身為八秀之一、同時也是早期上雪山的唯一道路，山頂稜嶺寬闊、擁有360度無死角的絕佳展望', 'Day1\n\n03:00 準時開車\n\n04:00 司界蘭溪吊橋起登\n\n05:30 3.1k 營地\n\n09:00 賽良久營地\n\n10:30 瓢簞山屋\n\n11:00 志佳陽基點峰\n\n11:30 志佳陽大山最高峰（午餐自理） \n\n14:30 3.1k 營地\n\n16:00 司界蘭溪吊橋\n\n16:30 出發回程\n\n20:00 台北火車站西三門解散', 100, 'campmain10036.jpg', 'campbig10036.jpg', 'campdetail10036.jpg'),
(37, '百岳單攻聖品 一日單攻', 1, 1, 1300, '2022-09-10', '2022-12-31', '是一座山友岳人們口耳相傳的百岳單攻聖品，1700公尺的極限陡上路段，極致的挑戰你的腿力、毅力、與耐力\n身為八秀之一、同時也是早期上雪山的唯一道路，山頂稜嶺寬闊、擁有360度無死角的絕佳展望', 'Day1\n\n03:00 準時開車\n\n04:00 司界蘭溪吊橋起登\n\n05:30 3.1k 營地\n\n09:00 賽良久營地\n\n10:30 瓢簞山屋\n\n11:00 志佳陽基點峰\n\n11:30 志佳陽大山最高峰（午餐自理） \n\n14:30 3.1k 營地\n\n16:00 司界蘭溪吊橋\n\n16:30 出發回程\n\n20:00 台北火車站西三門解散', 100, 'campmain10037.jpg', 'campbig10037.jpg', 'campdetail10037.jpg'),
(38, '台灣第二高峰 兩天一夜中階難度', 13, 2, 2200, '2022-09-10', '2022-12-31', '是一座山友岳人們口耳相傳的百岳單攻聖品，1700公尺的極限陡上路段，極致的挑戰你的腿力、毅力、與耐力\n身為八秀之一、同時也是早期上雪山的唯一道路，山頂稜嶺寬闊、擁有360度無死角的絕佳展望', 'Day1\n\n03:00 準時開車\n\n04:00 司界蘭溪吊橋起登\n\n05:30 3.1k 營地\n\n09:00 賽良久營地\n\n10:30 瓢簞山屋\n\n11:00 志佳陽基點峰\n\n11:30 志佳陽大山最高峰（午餐自理） \n\n14:30 3.1k 營地\n\n16:00 司界蘭溪吊橋\n\n16:30 出發回程\n\n20:00 台北火車站西三門解散', 100, 'campmain10038.jpg', 'campbig10038.jpg', 'campdetail10038.jpg'),
(39, '漫遊森林接駁 三天兩夜中階難度', 5, 3, 3600, '2022-09-10', '2022-12-31', '是一座山友岳人們口耳相傳的百岳單攻聖品，1700公尺的極限陡上路段，極致的挑戰你的腿力、毅力、與耐力\n身為八秀之一、同時也是早期上雪山的唯一道路，山頂稜嶺寬闊、擁有360度無死角的絕佳展望', 'Day1\n\n03:00 準時開車\n\n04:00 司界蘭溪吊橋起登\n\n05:30 3.1k 營地\n\n09:00 賽良久營地\n\n10:30 瓢簞山屋\n\n11:00 志佳陽基點峰\n\n11:30 志佳陽大山最高峰（午餐自理） \n\n14:30 3.1k 營地\n\n16:00 司界蘭溪吊橋\n\n16:30 出發回程\n\n20:00 台北火車站西三門解散', 100, 'campmain10039.jpg', 'campbig10039.jpg', 'campdetail10039.jpg'),
(40, '漫遊森林接駁 三天兩夜中階難度', 6, 3, 3600, '2022-09-10', '2022-12-31', '是一座山友岳人們口耳相傳的百岳單攻聖品，1700公尺的極限陡上路段，極致的挑戰你的腿力、毅力、與耐力\n身為八秀之一、同時也是早期上雪山的唯一道路，山頂稜嶺寬闊、擁有360度無死角的絕佳展望', 'Day1\n\n03:00 準時開車\n\n04:00 司界蘭溪吊橋起登\n\n05:30 3.1k 營地\n\n09:00 賽良久營地\n\n10:30 瓢簞山屋\n\n11:00 志佳陽基點峰\n\n11:30 志佳陽大山最高峰（午餐自理） \n\n14:30 3.1k 營地\n\n16:00 司界蘭溪吊橋\n\n16:30 出發回程\n\n20:00 台北火車站西三門解散', 100, 'campmain10040.jpg', 'campbig10040.jpg', 'campdetail10040.jpg'),
(41, '漫遊森林接駁 三天兩夜中階難度', 7, 3, 3100, '2022-09-10', '2022-12-31', '是一座山友岳人們口耳相傳的百岳單攻聖品，1700公尺的極限陡上路段，極致的挑戰你的腿力、毅力、與耐力\n身為八秀之一、同時也是早期上雪山的唯一道路，山頂稜嶺寬闊、擁有360度無死角的絕佳展望', 'Day1\n\n03:00 準時開車\n\n04:00 司界蘭溪吊橋起登\n\n05:30 3.1k 營地\n\n09:00 賽良久營地\n\n10:30 瓢簞山屋\n\n11:00 志佳陽基點峰\n\n11:30 志佳陽大山最高峰（午餐自理） \n\n14:30 3.1k 營地\n\n16:00 司界蘭溪吊橋\n\n16:30 出發回程\n\n20:00 台北火車站西三門解散', 100, 'campmain10041.jpg', 'campbig10041.jpg', 'campdetail10041.jpg'),
(42, '漫遊森林接駁 三天兩夜中階難度', 8, 3, 3100, '2022-09-10', '2022-12-31', '是一座山友岳人們口耳相傳的百岳單攻聖品，1700公尺的極限陡上路段，極致的挑戰你的腿力、毅力、與耐力\n身為八秀之一、同時也是早期上雪山的唯一道路，山頂稜嶺寬闊、擁有360度無死角的絕佳展望', 'Day1\n\n03:00 準時開車\n\n04:00 司界蘭溪吊橋起登\n\n05:30 3.1k 營地\n\n09:00 賽良久營地\n\n10:30 瓢簞山屋\n\n11:00 志佳陽基點峰\n\n11:30 志佳陽大山最高峰（午餐自理） \n\n14:30 3.1k 營地\n\n16:00 司界蘭溪吊橋\n\n16:30 出發回程\n\n20:00 台北火車站西三門解散', 100, 'campmain10042.jpg', 'campbig10042.jpg', 'campdetail10042.jpg'),
(43, '漫遊森林接駁 三天兩夜中階難度', 1, 3, 3100, '2022-09-10', '2022-12-31', '是一座山友岳人們口耳相傳的百岳單攻聖品，1700公尺的極限陡上路段，極致的挑戰你的腿力、毅力、與耐力\n身為八秀之一、同時也是早期上雪山的唯一道路，山頂稜嶺寬闊、擁有360度無死角的絕佳展望', 'Day1\n\n03:00 準時開車\n\n04:00 司界蘭溪吊橋起登\n\n05:30 3.1k 營地\n\n09:00 賽良久營地\n\n10:30 瓢簞山屋\n\n11:00 志佳陽基點峰\n\n11:30 志佳陽大山最高峰（午餐自理） \n\n14:30 3.1k 營地\n\n16:00 司界蘭溪吊橋\n\n16:30 出發回程\n\n20:00 台北火車站西三門解散', 100, 'campmain10043.jpg', 'campbig10043.jpg', 'campdetail10043.jpg'),
(44, '漫遊森林接駁 三天兩夜中階難度', 10, 3, 3300, '2022-09-10', '2022-12-31', '是一座山友岳人們口耳相傳的百岳單攻聖品，1700公尺的極限陡上路段，極致的挑戰你的腿力、毅力、與耐力\n身為八秀之一、同時也是早期上雪山的唯一道路，山頂稜嶺寬闊、擁有360度無死角的絕佳展望', 'Day1\n\n03:00 準時開車\n\n04:00 司界蘭溪吊橋起登\n\n05:30 3.1k 營地\n\n09:00 賽良久營地\n\n10:30 瓢簞山屋\n\n11:00 志佳陽基點峰\n\n11:30 志佳陽大山最高峰（午餐自理） \n\n14:30 3.1k 營地\n\n16:00 司界蘭溪吊橋\n\n16:30 出發回程\n\n20:00 台北火車站西三門解散', 100, 'campmain10044.jpg', 'campbig10044.jpg', 'campdetail10044.jpg'),
(45, '台灣第二高峰 兩天一夜中階難度', 11, 2, 2000, '2022-09-10', '2022-12-31', '是一座山友岳人們口耳相傳的百岳單攻聖品，1700公尺的極限陡上路段，極致的挑戰你的腿力、毅力、與耐力\n身為八秀之一、同時也是早期上雪山的唯一道路，山頂稜嶺寬闊、擁有360度無死角的絕佳展望', 'Day1\n\n03:00 準時開車\n\n04:00 司界蘭溪吊橋起登\n\n05:30 3.1k 營地\n\n09:00 賽良久營地\n\n10:30 瓢簞山屋\n\n11:00 志佳陽基點峰\n\n11:30 志佳陽大山最高峰（午餐自理） \n\n14:30 3.1k 營地\n\n16:00 司界蘭溪吊橋\n\n16:30 出發回程\n\n20:00 台北火車站西三門解散', 100, 'campmain10045.jpg', 'campbig10045.jpg', 'campdetail10045.jpg'),
(46, '台灣第二高峰 兩天一夜中階難度', 12, 2, 2200, '2022-09-10', '2022-12-31', '是一座山友岳人們口耳相傳的百岳單攻聖品，1700公尺的極限陡上路段，極致的挑戰你的腿力、毅力、與耐力\n身為八秀之一、同時也是早期上雪山的唯一道路，山頂稜嶺寬闊、擁有360度無死角的絕佳展望', 'Day1\n\n03:00 準時開車\n\n04:00 司界蘭溪吊橋起登\n\n05:30 3.1k 營地\n\n09:00 賽良久營地\n\n10:30 瓢簞山屋\n\n11:00 志佳陽基點峰\n\n11:30 志佳陽大山最高峰（午餐自理） \n\n14:30 3.1k 營地\n\n16:00 司界蘭溪吊橋\n\n16:30 出發回程\n\n20:00 台北火車站西三門解散', 100, 'campmain10046.jpg', 'campbig10046.jpg', 'campdetail10046.jpg'),
(47, '台灣第二高峰 兩天一夜中階難度', 13, 2, 2200, '2022-09-10', '2022-12-31', '是一座山友岳人們口耳相傳的百岳單攻聖品，1700公尺的極限陡上路段，極致的挑戰你的腿力、毅力、與耐力\n身為八秀之一、同時也是早期上雪山的唯一道路，山頂稜嶺寬闊、擁有360度無死角的絕佳展望', 'Day1\n\n03:00 準時開車\n\n04:00 司界蘭溪吊橋起登\n\n05:30 3.1k 營地\n\n09:00 賽良久營地\n\n10:30 瓢簞山屋\n\n11:00 志佳陽基點峰\n\n11:30 志佳陽大山最高峰（午餐自理） \n\n14:30 3.1k 營地\n\n16:00 司界蘭溪吊橋\n\n16:30 出發回程\n\n20:00 台北火車站西三門解散', 100, 'campmain10047.jpg', 'campbig10047.jpg', 'campdetail10047.jpg'),
(48, '台灣第二高峰 兩天一夜中階難度', 14, 2, 2500, '2022-09-10', '2022-12-31', '是一座山友岳人們口耳相傳的百岳單攻聖品，1700公尺的極限陡上路段，極致的挑戰你的腿力、毅力、與耐力\n身為八秀之一、同時也是早期上雪山的唯一道路，山頂稜嶺寬闊、擁有360度無死角的絕佳展望', 'Day1\n\n03:00 準時開車\n\n04:00 司界蘭溪吊橋起登\n\n05:30 3.1k 營地\n\n09:00 賽良久營地\n\n10:30 瓢簞山屋\n\n11:00 志佳陽基點峰\n\n11:30 志佳陽大山最高峰（午餐自理） \n\n14:30 3.1k 營地\n\n16:00 司界蘭溪吊橋\n\n16:30 出發回程\n\n20:00 台北火車站西三門解散', 100, 'campmain10048.jpg', 'campbig10048.jpg', 'campdetail10048.jpg'),
(49, '百岳單攻聖品 一日單攻', 15, 1, 1500, '2022-09-10', '2022-12-31', '是一座山友岳人們口耳相傳的百岳單攻聖品，1700公尺的極限陡上路段，極致的挑戰你的腿力、毅力、與耐力\n身為八秀之一、同時也是早期上雪山的唯一道路，山頂稜嶺寬闊、擁有360度無死角的絕佳展望', 'Day1\n\n03:00 準時開車\n\n04:00 司界蘭溪吊橋起登\n\n05:30 3.1k 營地\n\n09:00 賽良久營地\n\n10:30 瓢簞山屋\n\n11:00 志佳陽基點峰\n\n11:30 志佳陽大山最高峰（午餐自理） \n\n14:30 3.1k 營地\n\n16:00 司界蘭溪吊橋\n\n16:30 出發回程\n\n20:00 台北火車站西三門解散', 100, 'campmain10049.jpg', 'campbig10049.jpg', 'campdetail10049.jpg'),
(50, '台灣第二高峰 兩天一夜中階難度', 16, 2, 2200, '2022-09-10', '2022-12-31', '是一座山友岳人們口耳相傳的百岳單攻聖品，1700公尺的極限陡上路段，極致的挑戰你的腿力、毅力、與耐力\n身為八秀之一、同時也是早期上雪山的唯一道路，山頂稜嶺寬闊、擁有360度無死角的絕佳展望', 'Day1\n\n03:00 準時開車\n\n04:00 司界蘭溪吊橋起登\n\n05:30 3.1k 營地\n\n09:00 賽良久營地\n\n10:30 瓢簞山屋\n\n11:00 志佳陽基點峰\n\n11:30 志佳陽大山最高峰（午餐自理） \n\n14:30 3.1k 營地\n\n16:00 司界蘭溪吊橋\n\n16:30 出發回程\n\n20:00 台北火車站西三門解散', 100, 'campmain10050.jpg', 'campbig10050.jpg', 'campdetail10050.jpg'),
(51, '漫遊森林接駁 三天兩夜中階難度', 1, 3, 3600, '2022-09-10', '2022-12-31', '是一座山友岳人們口耳相傳的百岳單攻聖品，1700公尺的極限陡上路段，極致的挑戰你的腿力、毅力、與耐力\n身為八秀之一、同時也是早期上雪山的唯一道路，山頂稜嶺寬闊、擁有360度無死角的絕佳展望', 'Day1\n\n03:00 準時開車\n\n04:00 司界蘭溪吊橋起登\n\n05:30 3.1k 營地\n\n09:00 賽良久營地\n\n10:30 瓢簞山屋\n\n11:00 志佳陽基點峰\n\n11:30 志佳陽大山最高峰（午餐自理） \n\n14:30 3.1k 營地\n\n16:00 司界蘭溪吊橋\n\n16:30 出發回程\n\n20:00 台北火車站西三門解散', 100, 'campmain10051.jpg', 'campbig10051.jpg', 'campdetail10051.jpg');

-- --------------------------------------------------------

--
-- 資料表結構 `campaign_order`
--

CREATE TABLE `campaign_order` (
  `sid` int(11) NOT NULL,
  `order_num` varchar(255) NOT NULL,
  `campaign_sid` int(11) NOT NULL,
  `campaign_type_sid` int(11) DEFAULT NULL,
  `date_start` datetime DEFAULT NULL,
  `date_end` datetime DEFAULT NULL,
  `total` int(255) NOT NULL,
  `created_time` datetime NOT NULL DEFAULT current_timestamp()
) ENGINE=InnoDB DEFAULT CHARSET=utf8;

--
-- 傾印資料表的資料 `campaign_order`
--

INSERT INTO `campaign_order` (`sid`, `order_num`, `campaign_sid`, `campaign_type_sid`, `date_start`, `date_end`, `total`, `created_time`) VALUES
(2, '20220922030642', 5, NULL, NULL, NULL, 1, '2022-09-22 15:06:42'),
(3, '20220922030749', 5, NULL, NULL, NULL, 1, '2022-09-22 15:07:49'),
(4, '20220922030751', 5, NULL, NULL, NULL, 1, '2022-09-22 15:07:51'),
(5, '20220922030753', 5, NULL, NULL, NULL, 1, '2022-09-22 15:07:53'),
(6, '20220922030900', 5, NULL, NULL, NULL, 1, '2022-09-22 15:09:00'),
(7, '20220922031127', 7, NULL, NULL, NULL, 33, '2022-09-22 15:11:27'),
(8, '20220923024833', 51, NULL, NULL, NULL, 3600, '2022-09-23 14:48:33'),
(9, '20220923025551', 50, NULL, NULL, NULL, 2200, '2022-09-23 14:55:51'),
(10, '20220923025620', 50, NULL, NULL, NULL, 4400, '2022-09-23 14:56:20'),
(11, '20220923025717', 47, NULL, NULL, NULL, 2200, '2022-09-23 14:57:17'),
(12, '20220923030059', 43, NULL, NULL, NULL, 24800, '2022-09-23 15:00:59'),
(13, '20220923035111', 49, NULL, NULL, NULL, 1500, '2022-09-23 15:51:11'),
(14, '20220923044421', 50, NULL, NULL, NULL, 2200, '2022-09-23 16:44:21'),
(15, '20220923044421', 48, NULL, NULL, NULL, 2500, '2022-09-23 16:44:21'),
(16, '20220923044500', 48, NULL, NULL, NULL, 2500, '2022-09-23 16:45:00');

-- --------------------------------------------------------

--
-- 資料表結構 `campaign_type`
--

CREATE TABLE `campaign_type` (
  `sid` int(100) NOT NULL,
  `name` varchar(255) NOT NULL
) ENGINE=InnoDB DEFAULT CHARSET=utf8mb4;

--
-- 傾印資料表的資料 `campaign_type`
--

INSERT INTO `campaign_type` (`sid`, `name`) VALUES
(1, '一日遊'),
(2, '兩天一夜'),
(3, '三天兩夜');

-- --------------------------------------------------------

--
-- 資料表結構 `location`
--

CREATE TABLE `location` (
  `sid` int(100) NOT NULL,
  `name` varchar(100) NOT NULL
) ENGINE=InnoDB DEFAULT CHARSET=utf8mb4;

--
-- 傾印資料表的資料 `location`
--

INSERT INTO `location` (`sid`, `name`) VALUES
(1, '台北'),
(2, '桃園'),
(3, '新竹'),
(4, '苗栗'),
(5, '台中'),
(6, '彰化'),
(7, '南投'),
(8, '雲林'),
(9, '嘉義'),
(10, '台南'),
(11, '高雄'),
(12, '屏東'),
(13, '宜蘭'),
(14, '花蓮'),
(15, '台東'),
(16, '基隆');

-- --------------------------------------------------------

--
-- 資料表結構 `members`
--

CREATE TABLE `members` (
  `member_sid` int(11) NOT NULL,
  `name` varchar(255) NOT NULL,
  `password` varchar(255) NOT NULL,
  `email` varchar(255) NOT NULL,
  `mobile` varchar(255) CHARACTER SET utf8mb4 NOT NULL,
  `address` varchar(255) DEFAULT NULL,
  `birthday` date DEFAULT NULL,
  `nickname` varchar(255) NOT NULL,
  `member_level` int(11) NOT NULL DEFAULT 1,
  `total_height` int(11) NOT NULL DEFAULT 0,
  `avatar` varchar(255) DEFAULT NULL,
  `created_at` datetime NOT NULL DEFAULT current_timestamp()
) ENGINE=InnoDB DEFAULT CHARSET=utf8;

--
-- 傾印資料表的資料 `members`
--

INSERT INTO `members` (`member_sid`, `name`, `password`, `email`, `mobile`, `address`, `birthday`, `nickname`, `member_level`, `total_height`, `avatar`, `created_at`) VALUES
(528, '羅承翰', '$2y$10$IQJT1thnD59tExGt1jbAseN.qC9zGtmCYNJHBu3Gfip76qks1jCIS', 'mail2886@test.com', '0911292138', '嘉義縣中溝83號 ', '1985-01-20', '羅承翰', 1, 0, NULL, '2022-09-21 15:21:12'),
(529, '許冠宇', '$2y$10$rs21svpKOE5z5lWcyjGZF.RG4pRvjJbQUiyYKuWeyVcMMYgm4ZVCa', 'mail1652@test.com', '0911315874', '新竹市花園新城二街42號 ', '1985-09-06', '許冠宇', 1, 0, NULL, '2022-09-21 15:21:12'),
(530, '周冠宇', '$2y$10$2W8cv3AHcODtqnmIp0UQJOe/RkQGQrCSgtZ5ScJvnfvhw70zxBNvW', 'mail1041@test.com', '0911813162', '桃園市陸航一村58號 ', '1995-01-15', '周冠宇', 1, 0, NULL, '2022-09-21 15:21:12'),
(531, '徐宇軒', '$2y$10$K4psSszMWHVmvpGpEs1gVeb1aQs3ZMNXqtPAzGDoRKMfTZlgpH/FW', 'mail8708@test.com', '0911322905', '屏東縣陸興路5號 ', '1998-05-31', '徐宇軒', 1, 0, NULL, '2022-09-21 15:21:12'),
(532, '韓詩涵', '$2y$10$3kCips/cKLjqdxbLGU2sleQgr0kOi6206aXsjnOJy.lMXNNLUbisW', 'mail2957@test.com', '0911675116', '南投縣加正巷58號 ', '1994-07-11', '韓詩涵', 1, 0, NULL, '2022-09-21 15:21:12'),
(533, '王雅筑', '$2y$10$J.dD6JVjP3E.yBOXbUrTQea7QA9tna7w2eDxq/0aFa5LUOa5yfI2y', 'mail8677@test.com', '0911958393', '澎湖縣小門86號 ', '1986-09-10', '王雅筑', 1, 0, NULL, '2022-09-21 15:21:12'),
(534, '黃宜庭', '$2y$10$zjyca2gtRIUnCx/08sMZZe6Uqvbwcg.WGql74B7YnCA9jBzkjL.5K', 'mail5312@test.com', '0911856752', '金門縣埔邊10號 ', '1993-09-16', '黃宜庭', 1, 0, NULL, '2022-09-21 15:21:12'),
(535, '胡郁婷', '$2y$10$b4Z4duJwI1qw1f79Xd.P6ODGXCyWC82RH8KIONOn3AXOyf5IAiu4S', 'mail5296@test.com', '0911522954', '臺中市日新街41號 ', '1987-02-08', '胡郁婷', 1, 0, NULL, '2022-09-21 15:21:13'),
(536, '呂家瑋', '$2y$10$qubeqCAZk5tPVgHtnGq0vOdqk/pkGOagUmQaUWx13sN2GEA4TMZia', 'mail7092@test.com', '0911613768', '桃園市華興路90號 ', '1986-09-05', '呂家瑋', 1, 0, NULL, '2022-09-21 15:21:13'),
(537, '林宗翰', '$2y$10$Ph1T3HgwZ0sx5qzWkZMmVecnFXbkXmt110i8P3tnK6ab5VBFM1xsq', 'mail7838@test.com', '0911344117', '彰化縣碧興路90號 ', '1995-02-16', '林宗翰', 1, 0, NULL, '2022-09-21 15:21:13'),
(538, '劉冠宇', '$2y$10$XqRCYH1OSp22wWQVV709KuRsPdP0j5iLakUj2.jc6axrCvUtsN7Da', 'mail2963@test.com', '0911157026', '宜蘭縣林森4號 ', '1989-12-19', '劉冠宇', 1, 0, NULL, '2022-09-21 15:21:13'),
(539, '曹雅婷', '$2y$10$5ol4QgOMPLskPO.ERLBweO4ZN0RVAh6HNq28s5yGSijQ4WbpHxePy', 'mail3738@test.com', '0911421587', '新竹縣深坑子67號 ', '1991-10-08', '曹雅婷', 1, 0, NULL, '2022-09-21 15:21:13'),
(540, '趙詩涵', '$2y$10$I33RRip/DRCvGtG/OdzRS.hnllwY3df6rK0zZPqiH5yKglz1Ehihm', 'mail6149@test.com', '0911429069', '南投縣日新巷56號 ', '1992-12-04', '趙詩涵', 1, 0, NULL, '2022-09-21 15:21:13'),
(541, '馮家瑋', '$2y$10$2mqCot857GTfly/x1XhB3OaRJx9jaKT/6a.U6FgcPJ9NgBUq2w2r2', 'mail7164@test.com', '0911410899', '臺北市珠海路56號 ', '1990-08-29', '馮家瑋', 1, 0, NULL, '2022-09-21 15:21:13'),
(542, '蕭佳穎', '$2y$10$W/X6vYjV.IBE/7qOiPZQY.l2Wggk97YS3Rd/cd2Rdvb.hDjqTTVuS', 'mail3791@test.com', '0911612370', '金門縣環島西路１段71號 ', '1988-08-17', '蕭佳穎', 1, 0, NULL, '2022-09-21 15:21:13'),
(543, '蕭怡萱', '$2y$10$EHkjv/lUjCy3KPbrsOunxOg14Fqdq792q/P4WTtJOcAoX7JXS2ET.', 'mail9814@test.com', '0911758163', '花蓮縣太平95號 ', '1997-03-23', '蕭怡萱', 1, 0, NULL, '2022-09-21 15:21:13'),
(544, '何冠霖', '$2y$10$XL661v5DH16x95A5OtfNFeTI5rEuJfXy4XGD2KQyUCHgu9NoXyhlK', 'mail3001@test.com', '0911574089', '臺東縣椰油1號 ', '1989-02-23', '何冠霖', 1, 0, NULL, '2022-09-21 15:21:13'),
(545, '蕭怡婷', '$2y$10$QOAsVYe03urs9uzxwaQb4uF83tlhlyMWsD3IsxAcFCTbU70pZ4z3C', 'mail9769@test.com', '0911295188', '桃園市國園一街55號 ', '1986-12-24', '蕭怡婷', 1, 0, NULL, '2022-09-21 15:21:13'),
(546, '王柏翰', '$2y$10$iyQ0rpLFYjeS1qQ7uNcK5uVmTLBfnhMA0ecdVJgSNRXviWFx0ozzO', 'mail6814@test.com', '0911294371', '花蓮縣民享一街38號 ', '1986-09-26', '王柏翰', 1, 0, NULL, '2022-09-21 15:21:13'),
(547, '郭雅筑', '$2y$10$w9H9f0qIzVy11GuPZsURiehgEg.Tx2oHEd83D5CNdz2A1RkM7MYu.', 'mail2593@test.com', '0911863496', '連江縣西坵村2號 ', '1989-07-08', '郭雅筑', 1, 0, NULL, '2022-09-21 15:21:13'),
(548, '胡家豪', '$2y$10$50ql7nRWhufORCs8XORdrujbyefW.EhfYr/8XWtYXQNDQk4dxyEFW', 'mail7452@test.com', '0911327687', '桃園市羊城一街38號 ', '1996-07-18', '胡家豪', 1, 0, NULL, '2022-09-21 15:21:13'),
(549, '張鈺婷', '$2y$10$E9izarXGvGvQ3N6xaXeo8eu2PttcfNyQlKqwmN0HWx2kuXt/7wbPG', 'mail5108@test.com', '0911704289', '嘉義縣過路子34號 ', '1990-12-06', '張鈺婷', 1, 0, NULL, '2022-09-21 15:21:13'),
(550, '謝鈺婷', '$2y$10$bA9JYxa83XHE3OCMRMa7XeGpQ1JcmshTEIWXK4LFZrNeujN1Ol55G', 'mail8981@test.com', '0911107375', '宜蘭縣舊街路福園別墅89號 ', '1994-02-25', '謝鈺婷', 1, 0, NULL, '2022-09-21 15:21:13'),
(551, '羅家豪', '$2y$10$9PbQ2VBzusB9jNJT5jALe.03kDlpWMcAhhtU91EDNvFvM6LEEaDMO', 'mail1950@test.com', '0911118901', '嘉義市過溪15號 ', '1991-12-14', '羅家豪', 1, 0, NULL, '2022-09-21 15:21:13'),
(552, '鄭柏翰', '$2y$10$JlX.ukX.5E4bJIBCIwiId.nIbWKrf8GPZkLmzpACLdERjYfRUbo4.', 'mail5642@test.com', '0911181627', '苗栗縣忠信路55號 ', '1998-03-31', '鄭柏翰', 1, 0, NULL, '2022-09-21 15:21:13'),
(553, '鄭詩涵', '$2y$10$Q9zK7DDjGghA.h9iBES.PuhfZeAdlzWgMcBpOlK956U4KRl9G2cP.', 'mail7426@test.com', '0911776744', '金門縣大坵村36號 ', '1991-04-08', '鄭詩涵', 1, 0, NULL, '2022-09-21 15:21:13'),
(554, '鄧家瑋', '$2y$10$ppnHJk8Dzv9qHymGh.iwK.H.CFC72ZG8cF1c1yl5Ytr6ygIOYczK6', 'mail5577@test.com', '0911522700', '屏東縣仁和路2號 ', '1985-05-22', '鄧家瑋', 1, 0, NULL, '2022-09-21 15:21:14'),
(555, '鄧冠宇', '$2y$10$xEsYpLbK3VoQb7/NfNc5GOLEOCzqmlbqty084T0TdjajTJ0uDOioW', 'mail7980@test.com', '0911554617', '新竹縣石鹿26號 ', '1991-10-20', '鄧冠宇', 1, 0, NULL, '2022-09-21 15:21:14'),
(556, '許柏翰', '$2y$10$AlxnXOK2eEHPHV0rjWwUz.YqE1lxPVtyslHDAc97XZWF1bqbbZz8W', 'mail7958@test.com', '0911379832', '新北市坪林20號 ', '1989-07-01', '許柏翰', 1, 0, NULL, '2022-09-21 15:21:14'),
(557, '王家瑋', '$2y$10$JaoYDdHDwb4OJy/MMSAZ1OmqsROMwazbKHPt41tFJ7tWKyPyVssIm', 'mail1202@test.com', '0911619102', '臺中市中清路11號 ', '1994-07-14', '王家瑋', 1, 0, NULL, '2022-09-21 15:21:14'),
(558, '程宗翰', '$2y$10$73h/yQVLQeJ20wRQQOx.PuqSupOPmsXgP6mbrd2Y0T3brWESQAqq.', 'mail2236@test.com', '0911131615', '澎湖縣土地公前85號 ', '1985-10-19', '程宗翰', 1, 0, NULL, '2022-09-21 15:21:14'),
(559, '胡冠宇', '$2y$10$BLHuds..g6RJsLpvoIk9fuRabgjAvz19n/9Qgb5DnpHVkfczYLXIK', 'mail9600@test.com', '0911875516', '桃園市詩朗71號 ', '1998-09-01', '胡冠宇', 1, 0, NULL, '2022-09-21 15:21:14'),
(560, '李郁婷', '$2y$10$9y1EG1gqCUUai/viiRnBOeKefhCvTIiyDyzi3lJW5x9DgsFIoZAUG', 'mail1141@test.com', '0911952912', '金門縣頂林路97號 ', '1994-05-10', '李郁婷', 1, 0, NULL, '2022-09-21 15:21:14'),
(561, '朱冠廷', '$2y$10$esoudAfgcqgmuJYAG1XZDu9MJowQi7wwFRMQwMOEauQe9zAxEAzJ6', 'mail5181@test.com', '0911530036', '基隆市太白街92號 ', '1993-05-07', '朱冠廷', 1, 0, NULL, '2022-09-21 15:21:14'),
(562, '鄧佳穎', '$2y$10$/tih4obxemQfY/6Ici4BqOiV92gx/DHAnxojDCbmwysFs7RQBdWN6', 'mail3899@test.com', '0911222556', '臺北市昌吉街1號 ', '1993-08-31', '鄧佳穎', 1, 0, NULL, '2022-09-21 15:21:14'),
(563, '鄧冠廷', '$2y$10$edKbjQUYF6SyhWLAoO/GyudvylkM6HO1D4T3l4ZjR8e56EGxQnD6y', 'mail7709@test.com', '0911838950', '新竹市關東路77號 ', '1994-07-04', '鄧冠廷', 1, 0, NULL, '2022-09-21 15:21:14'),
(564, '趙彥廷', '$2y$10$Ex2EQXsoEEnwPqf3QWXiHuuUBZEjM08FsKY/RVwocg6QxjdOeALni', 'mail3669@test.com', '0911435716', '嘉義縣保鐵一路３段72號 ', '1988-05-22', '趙彥廷', 1, 0, NULL, '2022-09-21 15:21:14'),
(565, '羅鈺婷', '$2y$10$pnWfkPBZc8SzlJwmtkU/cu5RTkBIz5q4VK0pIPNr7LsRMDM4knjYi', 'mail8711@test.com', '0911677384', '連江縣西坵村77號 ', '1994-03-18', '羅鈺婷', 1, 0, NULL, '2022-09-21 15:21:14'),
(566, '曾宇軒', '$2y$10$7BWkrzHNBwyEk48AFvFx4uBOtfDMRV/Zz3hxzsX0lw1yasJSEY4g6', 'mail1602@test.com', '0911263008', '雲林縣中央路61號 ', '1995-07-23', '曾宇軒', 1, 0, NULL, '2022-09-21 15:21:14'),
(567, '羅宇軒', '$2y$10$Qk6fYtgBX1yicpzQYK.RZuKCDmPx8/dzG0AYEft4UN3Ky7eC7UXn6', 'mail8730@test.com', '0911540695', '新北市環堤大道34號 ', '1987-04-22', '羅宇軒', 1, 0, NULL, '2022-09-21 15:21:14'),
(568, '趙怡萱', '$2y$10$a/jNpqkzM8Gu4ruDq9DcHuwUFAkASXhA90mozY33PorToDWg5erAC', 'mail6192@test.com', '0911287778', '嘉義市嘉工街72號 ', '1994-03-12', '趙怡萱', 1, 0, NULL, '2022-09-21 15:21:14'),
(569, '孫柏翰', '$2y$10$9N/DzgnOHV1muaNFcMfsx.W1PT8zaP.gVd.MTelmF8CUMkqokszSS', 'mail9496@test.com', '0911314249', '桃園市大興七街64號 ', '1986-06-06', '孫柏翰', 1, 0, NULL, '2022-09-21 15:21:14'),
(570, '胡家瑋', '$2y$10$HEOXUWWztHSBcNUH5KOESeWvL0ZH2ZjBHiaYIx2yOx8wM/Q6hgRRy', 'mail1638@test.com', '0911493733', '臺中市大源二十八街66號 ', '1995-02-06', '胡家瑋', 1, 0, NULL, '2022-09-21 15:21:14'),
(571, '王宜庭', '$2y$10$8QDx2jquP9S2zz3xOIN7p.1xPYBWTopa//xkZ9QgdkkiEfsacW93y', 'mail8548@test.com', '0911473980', '雲林縣新興海埔地三路51號 ', '1995-09-21', '王宜庭', 1, 0, NULL, '2022-09-21 15:21:14'),
(572, '周宜庭', '$2y$10$s8Q1lLhOd49vPRjxBFnV6uOCfujUumi/rrT.Iin8PbUbyPkCYYFJa', 'mail5173@test.com', '0911368782', '嘉義縣大茅埔67號 ', '1989-08-30', '周宜庭', 1, 0, NULL, '2022-09-21 15:21:14'),
(573, '蕭家瑋', '$2y$10$BBME3CcPld2jpM6M8lxPu.JgvY1/hGDd0X4ZbIq3fRLxRD6c1iqzm', 'mail1393@test.com', '0911291982', '桃園市斷匯24號 ', '1986-12-29', '蕭家瑋', 1, 0, NULL, '2022-09-21 15:21:14'),
(574, '羅冠霖', '$2y$10$H0IPTH9YOOcv1xA6IQpEOu7E06kJAnvj4ZTdJThrD/D9lWhZjPgAe', 'mail8331@test.com', '0911969021', '宜蘭縣東宜四路66號 ', '1994-07-22', '羅冠霖', 1, 0, NULL, '2022-09-21 15:21:15'),
(575, '何家豪', '$2y$10$ISuYJGiJtnznxpRPx6AsZObBxgrC.GdNt5Dgp0ZG5TUVoggG1hWV.', 'mail9129@test.com', '0911394956', '嘉義市維新路61號 ', '1998-05-30', '何家豪', 1, 0, NULL, '2022-09-21 15:21:15'),
(576, '林詩涵', '$2y$10$xH017.5KTnc.L7OPQJYcQeQ29XaJhbRl2Y3ZVQZtJ4ulhf4Id9UwS', 'mail1947@test.com', '0911623602', '臺中市現岱路82號 ', '1992-03-18', '林詩涵', 1, 0, NULL, '2022-09-21 15:21:15'),
(577, '吳冠霖', '$2y$10$cO4O69hPA/QOEJy/CavmHumWtmUvkQYP1Okn.O5bewNPNz2IzMeLe', 'mail3507@test.com', '0911536701', '臺東縣安朔13號 ', '1988-08-15', '吳冠霖', 1, 0, NULL, '2022-09-21 15:21:15'),
(578, '張宇軒', '$2y$10$VSf2kGJdiYb73A3iSVC4dONHI2AOCuIib3ybw0X7yvthn8lFJP3xS', 'mail7404@test.com', '0911788235', '臺東縣四維路３段45號 ', '1999-08-28', '張宇軒', 1, 0, NULL, '2022-09-21 15:21:15'),
(579, '曹承翰', '$2y$10$crEDx0bn.0ToJmuuaWs.n.k/bZtVwYtFWKk13ZOidfoHN557x88fS', 'mail5751@test.com', '0911395252', '彰化縣仁德路72號 ', '1994-02-01', '曹承翰', 1, 0, NULL, '2022-09-21 15:21:15'),
(580, '吳宗翰', '$2y$10$jnMCqZsQeKGUfAPdMckhTuR/G1PVBQDIC2tdFbqu7nE6sa./V9ayK', 'mail9449@test.com', '0911694324', '新竹市茄苳東街61號 ', '1989-05-02', '吳宗翰', 1, 0, NULL, '2022-09-21 15:21:15'),
(581, '劉冠霖', '$2y$10$fN/dtEbAyRswQYBFChgtr.9MCG9mNi/UlDFwgKoe0lOgv/PPp6bky', 'mail5482@test.com', '0911181015', '桃園市十八家35號 ', '1987-08-21', '劉冠霖', 1, 0, NULL, '2022-09-21 15:21:15'),
(582, '郭郁婷', '$2y$10$Q5LqlEj3UHDHeMJO9pclNeNqno4wVCiSntMHDcz4hCTTNyrZiJvfa', 'mail6423@test.com', '0911561064', '臺北市松信路3號 ', '1995-01-30', '郭郁婷', 1, 0, NULL, '2022-09-21 15:21:15'),
(583, '黃詩涵', '$2y$10$pBNhkdwGGsjr4YJbLpwjjObo.vbbH.w.efYhDUJIxdFOHCGlZLXua', 'mail2716@test.com', '0911523760', '嘉義縣中興街9號 ', '1986-09-24', '黃詩涵', 1, 0, NULL, '2022-09-21 15:21:15'),
(584, '袁雅婷', '$2y$10$p1XQBWcMOqJSXPo0dcUH2.t6emKnvRcL5F3HDdqmcDV2a1VGWRS9e', 'mail1099@test.com', '0911702851', '南投縣法治巷37號 ', '1989-03-25', '袁雅婷', 1, 0, NULL, '2022-09-21 15:21:15'),
(585, '黃冠廷', '$2y$10$XJbDOjejuC7pANo2m3yCrudcQBHGRZ7T4sts7AnoISGc4UGURODqi', 'mail2131@test.com', '0911265392', '苗栗縣五湖街64號 ', '1995-01-13', '黃冠廷', 1, 0, NULL, '2022-09-21 15:21:15'),
(586, '徐彥廷', '$2y$10$DwsDS4Ep.ZFtArjRAMZPreTReMdEtZWe.gKlsW4HWZfKjdTw1gLqm', 'mail5489@test.com', '0911722705', '金門縣上庫6號 ', '1988-05-13', '徐彥廷', 1, 0, NULL, '2022-09-21 15:21:15'),
(587, '沈詩涵', '$2y$10$M1rCXrxDl9/T3CYPALq/FejSNQUS0blsgswjThSurZrFkgthWCV56', 'mail5883@test.com', '0911816130', '新竹市關新東路64號 ', '1992-11-30', '沈詩涵', 1, 0, NULL, '2022-09-21 15:21:15'),
(588, '趙柏翰', '$2y$10$ATdur8sUHBcnliEqa1dKsewG7liXjFlfMxg3ZGzOccsTAf6KOMgY.', 'mail2604@test.com', '0911542372', '彰化縣新城街39號 ', '1986-06-10', '趙柏翰', 1, 0, NULL, '2022-09-21 15:21:15'),
(589, '呂鈺婷', '$2y$10$eg/BdFuu16mCdXeu9plzF.bjLOX6vntvDjxc5vYQ6s24UNCpuSI5y', 'mail3440@test.com', '0911240410', '新北市中央路四十八巷吉祥園49號 ', '1990-11-07', '呂鈺婷', 1, 0, NULL, '2022-09-21 15:21:15'),
(590, '孫郁婷', '$2y$10$nBjTxRyqz/cNj7n5i1rtEeFk9fnNuQsiLnaX.dzgauZGR6qkz/EE6', 'mail1067@test.com', '0911735948', '雲林縣新塭89號 ', '1996-06-03', '孫郁婷', 1, 0, NULL, '2022-09-21 15:21:15'),
(591, '袁雅婷', '$2y$10$FAOl5rYMpjPf.FM6JUvJpOpHN0r/AFsbntK7GHLQHL5xDEUFKFmhG', 'mail9169@test.com', '0911831376', '高雄市堀江街21號 ', '1992-07-14', '袁雅婷', 1, 0, NULL, '2022-09-21 15:21:15'),
(592, '周怡萱', '$2y$10$5jeRVpSKEN4WzftugDreoua2JK7zhyz3Ojza1OJ7tYIKw5Nv38FBy', 'mail4824@test.com', '0911179676', '金門縣仁愛街34號 ', '1987-03-24', '周怡萱', 1, 0, NULL, '2022-09-21 15:21:15'),
(593, '傅郁婷', '$2y$10$QU9DDHjTUK6sNjgz9WgVHeSebiLOzI.j4jt6biRLPtlTAPOCdRI6a', 'mail9866@test.com', '0911717012', '基隆市復旦路19號 ', '1986-12-22', '傅郁婷', 1, 0, NULL, '2022-09-21 15:21:15'),
(594, '劉冠廷', '$2y$10$dmHolliOzaDn6qiydcY1..p21HKZSFJ9NISBwGjSxAaBOvaurvW.K', 'mail9053@test.com', '0911502769', '南投縣富貴路30號 ', '1991-10-24', '劉冠廷', 1, 0, NULL, '2022-09-21 15:21:16'),
(595, '李宗翰', '$2y$10$LIL0wuYKBnVbNHEw72gJye2HxWqh1sIOWMizd4VSMr/ohNgbTJoqC', 'mail6293@test.com', '0911649220', '南投縣永豐街58號 ', '1995-02-17', '李宗翰', 1, 0, NULL, '2022-09-21 15:21:16'),
(596, '馬怡君', '$2y$10$CkmG0IFgAK9j2ZbT1w6Ene49SgL4NUxz4rb3bnPQDGPDSeYwnsr9y', 'mail2716@test.com', '0911194677', '桃園市博愛街32號 ', '1992-05-25', '馬怡君', 1, 0, NULL, '2022-09-21 15:21:16'),
(597, '程雅婷', '$2y$10$JHFKpEkfCvUj6fGWjUWSdu7NJhSAyRgbez0c6yvvHa3G161Ba6D5K', 'mail2530@test.com', '0911645846', '宜蘭縣柴圍路70號 ', '1992-12-16', '程雅婷', 1, 0, NULL, '2022-09-21 15:21:16'),
(598, '馮怡婷', '$2y$10$sNmV0UNIeFmTqd3LwOymxeOy8TAn3yq0MlWV6llw7Tuh57lMH8MO6', 'mail9733@test.com', '0911988853', '苗栗縣鹿廚坑80號 ', '1992-04-23', '馮怡婷', 1, 0, NULL, '2022-09-21 15:21:16'),
(599, '唐怡婷', '$2y$10$lG/V8U01ot8yx11yxXsACuFGyycOoe3Sc9TU6vQTvAfKSHn5eueXi', 'mail2818@test.com', '0911440249', '嘉義市大同路40號 ', '1987-11-16', '唐怡婷', 1, 0, NULL, '2022-09-21 15:21:16'),
(600, '曹詩涵', '$2y$10$gzk0vMlofoaZKqwcCas3l.kqbylbXleDixlAui0YCwADHjp5wa3ee', 'mail1122@test.com', '0911837699', '新竹市園區二路73號 ', '1998-08-28', '曹詩涵', 1, 0, NULL, '2022-09-21 15:21:16'),
(601, '彭冠霖', '$2y$10$9weE7yECGLf3WOMfvAipHOe5pF0YfQ/CsXoXB/Q.hXW19e7txKktW', 'mail8442@test.com', '0911765620', '桃園市民有路57號 ', '1990-09-18', '彭冠霖', 1, 0, NULL, '2022-09-21 15:21:16'),
(602, '傅宜庭', '$2y$10$h.altZpTaTSBA/PLLR/KGOWr6UOaEkvC55RsgvLab5gQRl6SQcRTS', 'mail9113@test.com', '0911942077', '金門縣環島南路１段11號 ', '1990-10-22', '傅宜庭', 1, 0, NULL, '2022-09-21 15:21:16'),
(603, '周鈺婷', '$2y$10$JJ/5CRrjfeuRZMWn6FCXKuuc9IlB6FeqUx26fORb7FKirK/wvdCQC', 'mail8683@test.com', '0911883433', '澎湖縣尖山腳76號 ', '1985-01-20', '周鈺婷', 1, 0, NULL, '2022-09-21 15:21:16'),
(604, '呂詩涵', '$2y$10$N4XAB1j6pGjxZRU8zAXfCOuqZpwrfCCxUNlzui3/L3NwShBv4StQa', 'mail4966@test.com', '0911397961', '南投縣月桃巷28號 ', '1988-11-03', '呂詩涵', 1, 0, NULL, '2022-09-21 15:21:16'),
(605, '羅柏翰', '$2y$10$r0E4sdMmENDEA01QnJ1iAOkdjCBfSC9SdyofVk4SqUlwEBHW3aieq', 'mail1108@test.com', '0911646084', '連江縣塘岐村84號 ', '1990-10-27', '羅柏翰', 1, 0, NULL, '2022-09-21 15:21:16'),
(606, '朱宇軒', '$2y$10$/7XgVcX3HFrB3QYNLYJG7edIBEe6JjRhXklwNsaDMBUr9.eqlJQb.', 'mail9147@test.com', '0911885869', '新北市頂六股52號 ', '1991-05-23', '朱宇軒', 1, 0, NULL, '2022-09-21 15:21:16'),
(607, '劉怡婷', '$2y$10$FPxN8QMgzLCJa1biSJmRouRR5jkT07bsslvLz2UqRNimT.TCWI/.S', 'mail6186@test.com', '0911990732', '桃園市新生路47號 ', '1986-03-12', '劉怡婷', 1, 0, NULL, '2022-09-21 15:21:16'),
(608, '周佳穎', '$2y$10$DII9x9zwKGobtXWoskZba.JfCUM.Bh7thllVJ87iWcGxmqfKzuuD.', 'mail3395@test.com', '0911244121', '苗栗縣石灘49號 ', '1994-03-07', '周佳穎', 1, 0, NULL, '2022-09-21 15:21:16'),
(609, '徐彥廷', '$2y$10$KoCSjwUWPNohWBvP6gmwKeQW18n.REUZy0yfQ0yR0Eu9sBfP3fJ72', 'mail6322@test.com', '0911961543', '雲林縣復興路24號 ', '1998-01-24', '徐彥廷', 1, 0, NULL, '2022-09-21 15:21:16'),
(610, '林怡君', '$2y$10$sfnGj9DBrxbUUVcsS9kqtO9vLiWoWiGIt6pWc78cQHfYWtSExHG9q', 'mail7349@test.com', '0911976576', '新竹市茄苳東街51號 ', '1993-01-09', '林怡君', 1, 0, NULL, '2022-09-21 15:21:16'),
(611, '王彥廷', '$2y$10$ZBGDEAJSojKjc3rJqBgTrOk76yo5pkkZ8ig2y99VZTTACVPbOtr4.', 'mail6597@test.com', '0911912280', '新北市藤寮坑91號 ', '1989-12-04', '王彥廷', 1, 0, NULL, '2022-09-21 15:21:16'),
(612, '傅鈺婷', '$2y$10$aRceYIsKVkoVcqFIbZND..YZGGrl3XyScgC.GZh0FSJDPmASw0UD2', 'mail8389@test.com', '0911861170', '高雄市南沙52號 ', '1992-04-09', '傅鈺婷', 1, 0, NULL, '2022-09-21 15:21:16'),
(613, '王雅婷', '$2y$10$47lQF3r1asbID3CuWgeXhe/mzL67xqwIGE14tqeA/zJ9UhejacIeu', 'mail2187@test.com', '0911297996', '新竹縣新庄子63號 ', '1987-07-31', '王雅婷', 1, 0, NULL, '2022-09-21 15:21:17'),
(614, '張家瑋', '$2y$10$Rd4vj.DHON4pEtkUUMtwHu1N11017IXpNfKR0w26aHI2GYk9JAyrq', 'mail1116@test.com', '0911338849', '嘉義市新龍街15號 ', '1990-06-17', '張家瑋', 1, 0, NULL, '2022-09-21 15:21:17'),
(615, '沈冠宇', '$2y$10$UXFe4cpTQPBZGWgl6L/XDOzbgZl.0GVCOe6Y7tB52Xo2S0B0VBibW', 'mail7722@test.com', '0911696636', '澎湖縣城前3號 ', '1985-10-20', '沈冠宇', 1, 0, NULL, '2022-09-21 15:21:17'),
(616, '趙冠宇', '$2y$10$Jkq6Gz1WceuWk6ggNDSWYe4WfuJLS2tSN3cvSHCetu7Ql6NU2STCy', 'mail6788@test.com', '0911580053', '新竹市境福街53號 ', '1993-07-01', '趙冠宇', 1, 0, NULL, '2022-09-21 15:21:17'),
(617, '何鈺婷', '$2y$10$Tp8XS6rVxLQ.xT0NvBETPejZQBJSCRnkQIFORpUF3.GmEMntyFpb2', 'mail8175@test.com', '0911996637', '臺北市安美街1號 ', '1995-05-02', '何鈺婷', 1, 0, NULL, '2022-09-21 15:21:17'),
(618, '劉承翰', '$2y$10$NWyDjUYMQpUs8pDLqqKk0uFf8YYirWGtcOmWeWp2S5dnpGPdkx8S2', 'mail8207@test.com', '0911898473', '臺南市卓猴75號 ', '1999-06-26', '劉承翰', 1, 0, NULL, '2022-09-21 15:21:17'),
(619, '袁冠宇', '$2y$10$JMdYLShSmx.Ge69hdV0WMOBT6p2zN1QAHtDhzRZ6y9dkyAfWr69qu', 'mail1782@test.com', '0911347180', '花蓮縣嘉里一路38號 ', '1985-06-03', '袁冠宇', 1, 0, NULL, '2022-09-21 15:21:17'),
(620, '黃宗翰', '$2y$10$/.OzP6P1qGeG5QlrsORNoesI8N3hJmtOx1qQmxv2BLvE/pAv4sN7a', 'mail8978@test.com', '0911467770', '宜蘭縣橫山路37號 ', '1994-01-30', '黃宗翰', 1, 0, NULL, '2022-09-21 15:21:17'),
(621, '羅詩涵', '$2y$10$NBJvZ.57VepzZhElCAnt7uyRVRFXroEiQNOnbF5A8TH7MewGqb3SS', 'mail9648@test.com', '0911632869', '連江縣津沙村2號 ', '1999-06-29', '羅詩涵', 1, 0, NULL, '2022-09-21 15:21:17'),
(622, '劉冠霖', '$2y$10$1MgDHHJVgBOCOzL8pFi2IOwOUEcq2i4niGROHRakBeWJdwhdNXVNK', 'mail9762@test.com', '0911853590', '雲林縣大同路88號 ', '1997-01-27', '劉冠霖', 1, 0, NULL, '2022-09-21 15:21:17'),
(623, '謝怡君', '$2y$10$3nelhIQ0Dc9OvqoLvN0fn./fumB2ZwC9RCdqZiDmruMfkk57mRDHG', 'mail4573@test.com', '0911199658', '臺中市北汕路62號 ', '1997-07-29', '謝怡君', 1, 0, NULL, '2022-09-21 15:21:17'),
(624, '趙詩涵', '$2y$10$Uiug23XQKLMGAmIG7yc85.la0zn5ROKzb9ll2nbflIYdJYDIJ52Q6', 'mail8852@test.com', '0911943651', '臺南市永華十一街64號 ', '1998-06-18', '趙詩涵', 1, 0, NULL, '2022-09-21 15:21:17'),
(625, '呂冠廷', '$2y$10$FKlkeXpP8J7N4zlYbXQEz.ENX4spzX/DqAGovSWOIczPrC9fYAWgu', 'mail1802@test.com', '0911460185', '嘉義縣七塊厝77號 ', '1988-01-12', '呂冠廷', 1, 0, NULL, '2022-09-21 15:21:17'),
(626, '呂佳穎', '$2y$10$/B1JHrEynUlYwfnBCKpQ5eSe4WII58Cae.GzRU1Cj4myNSyeaht12', 'mail3630@test.com', '0911753308', '雲林縣仁和75號 ', '1986-07-11', '呂佳穎', 1, 0, NULL, '2022-09-21 15:21:17'),
(627, '蕭宇軒', '$2y$10$uwHSOotZbsj4uqKUI3bwCu3l6dx5r21Y0sRCpajqXVmWSFliO6EwO', 'mail8639@test.com', '0911778453', '高雄市南台路53號 ', '1986-12-24', '蕭宇軒', 1, 0, NULL, '2022-09-21 15:21:17'),
(629, '王大明', '$2y$10$D68.CudLQRbwjfoWsXyLfuEr/03mlMXbRWbwDKlyzDbqQ9ChL24w6', 'ming@test.com', '0911223344', '高雄市南台路43號', '1999-08-28', '王大明', 1, 0, '77f831687c65c0a1c7f00752e6f6f33e.jpg', '2022-09-21 15:22:18'),
(630, '王小美', '$2y$10$/GbhASdUcqdUYrM67ljjOuNXhL1f2Wbz8my/d45.whwKMFFtxeHHG', 'mei@test.com', '0911223344', '高雄市南台路63號', '1999-09-04', '王小美', 1, 0, '1167a059e036bb53a0fffb14d8f8f89f.jpg', '2022-09-21 15:23:08'),
(639, 'test2', '$2y$10$rXe2Yo9NDGu3DcPjZVsXiuQYPDQIjfXTrd5f4AmzFFX5C78Ngd4Wu', 'test2@test.com', '0911223344', 'ccc', '2022-08-28', 'test2', 1, 0, '66e6dff6409947197aacd81de4220ef9.jpg', '2022-09-22 15:53:33'),
(643, '王小明', '$2y$10$RYZ9MjUJN8Yktrq8ENUZCOx/hQzSOAgs54DNdMVAHx.Ikp5Fo1PI6', 'ming3@test.com', '0911223344', '台北市中正路1段1號', '1999-08-29', '王小明', 1, 0, '74c0bb838983cea05d2005fee0e8dc84.jpg', '2022-09-23 09:20:34'),
(644, '阿儒', '$2y$10$lz9204jnI48414ap7cmM0uxWggSOP9OhKz9z4J0I9AiQssWBOFqYm', 'game@gmail.com', '0987164725', '你家', '1996-07-30', '阿儒', 1, 0, NULL, '2022-09-23 14:35:52'),
(645, '大奶維維', '$2y$10$OXdSEtgFkfZO/uWmxB1hgejQFwrPvlXsXF0ffBqPNCv.OMXdb.BtS', 'test@test.com', '0911223344', 'AAA', '2022-08-30', '大奶維維', 1, 0, 'e2cba278513db7c0a424e63068f9ba14.jpg', '2022-09-23 16:43:03');

-- --------------------------------------------------------

--
-- 資料表結構 `mountain`
--

CREATE TABLE `mountain` (
  `mountain_sid` int(20) NOT NULL,
  `mountain_name` varchar(255) NOT NULL,
  `level` int(20) NOT NULL,
  `location_sid` int(20) NOT NULL,
  `x` int(20) NOT NULL,
  `y` int(20) NOT NULL,
  `height` int(20) NOT NULL
) ENGINE=InnoDB DEFAULT CHARSET=utf8mb4;

--
-- 傾印資料表的資料 `mountain`
--

INSERT INTO `mountain` (`mountain_sid`, `mountain_name`, `level`, `location_sid`, `x`, `y`, `height`) VALUES
(1, '新高山', 1, 9, 244806, 2596536, 3952),
(2, '玉山', 3, 7, 244875, 2596486, 3945),
(3, '雪山', 1, 5, 272680, 2697710, 3886),
(4, '能高山', 3, 7, 278252, 2659615, 3184),
(5, '西合歡山', 3, 7, 274015, 2674921, 3145),
(6, '白石山', 3, 14, 277148, 2645017, 3110),
(7, '北大武山', 1, 12, 224646, 2503214, 3092),
(8, '尖山', 2, 14, 251909, 2589452, 3070),
(9, '知亞平山', 3, 7, 276853, 2648389, 3060),
(10, '羊頭山', 3, 14, 287747, 2678346, 3035),
(11, '奇萊大山', 3, 7, 281260, 2651156, 3029),
(12, '小雪山', 2, 5, 253174, 2688029, 2997),
(13, '十六山', 3, 5, 255625, 2674248, 2938),
(14, '美奈田主山', 1, 15, 249369, 2541914, 2931),
(15, '望台山', 2, 14, 282693, 2648992, 2907),
(16, '加卑里山', 3, 14, 286341, 2675630, 2903),
(17, '尖石山', 3, 15, 247583, 2552202, 2865),
(18, '馬洋山', 3, 3, 277287, 2710804, 2864),
(19, '南太武山', 2, 12, 223313, 2497174, 2841),
(20, '平岩山', 2, 13, 285134, 2693652, 2827),
(21, '草山', 3, 14, 273635, 2635438, 2811),
(22, '太木山', 3, 5, 265289, 2685900, 2809),
(23, '多加屯山', 3, 13, 287838, 2696009, 2795),
(24, '見晴山', 3, 14, 279763, 2637738, 2795),
(25, '屯古嶺', 2, 15, 244138, 2560648, 2790),
(26, '東埔北山', 3, 7, 238565, 2599855, 2785),
(27, '斯拉巴庫山', 3, 11, 233572, 2564369, 2757),
(28, '鳶山', 3, 7, 268447, 2635752, 2736),
(29, '松山', 3, 14, 288276, 2646690, 2730),
(30, '武加加難山', 3, 5, 274525, 2690265, 2659),
(31, '白松山', 2, 15, 246926, 2548628, 2633),
(32, '鹿場大山', 2, 3, 256337, 2710288, 2618),
(33, '東水山', 3, 9, 231349, 2596720, 2611),
(34, '三角錐山', 3, 14, 309200, 2678564, 2607),
(35, '松山', 3, 7, 230875, 2606784, 2557),
(36, '三星山', 1, 13, 306318, 2711741, 2532),
(37, '羅閑山', 3, 5, 285498, 2690003, 2527),
(38, '燒山', 3, 14, 284355, 2652345, 2524),
(39, '鐵本山', 3, 11, 235426, 2569845, 2523),
(40, '馬武霸山', 3, 5, 278092, 2694068, 2496),
(41, '見晴山', 2, 13, 297630, 2705771, 2492),
(42, '塔山', 2, 9, 226839, 2606108, 2484),
(43, '北霞山', 3, 9, 230552, 2594287, 2472),
(44, '內本鹿山', 3, 11, 230896, 2537387, 2459),
(45, '高律山', 3, 13, 304482, 2692740, 2453),
(46, '塔山', 1, 14, 305179, 2671052, 2449),
(47, '富田山', 3, 14, 299569, 2671481, 2441),
(48, '天長山', 3, 14, 286709, 2661041, 2413),
(49, '清水山', 1, 14, 315335, 2681446, 2408),
(50, '霞山', 2, 9, 230920, 2591000, 2400),
(51, '嘉代山', 3, 15, 247838, 2536437, 2363),
(52, '三角峰', 2, 7, 268676, 2666048, 2358),
(53, '波浪山', 3, 14, 301780, 2689641, 2335),
(54, '加羅山', 3, 13, 297706, 2708564, 2320),
(55, '稍來山', 2, 5, 246271, 2681542, 2307),
(56, '馬崙山', 3, 5, 254340, 2677279, 2305),
(57, '鹿屈山', 3, 7, 227720, 2611073, 2288),
(58, '椎巴宇山', 3, 14, 293482, 2680938, 2272),
(59, '騾馬望山', 3, 14, 314512, 2687976, 2269),
(60, '東洗水山', 3, 4, 251683, 2704700, 2248),
(61, '霞喀羅大山', 3, 3, 268789, 2717404, 2234),
(62, '知本主山', 2, 15, 236897, 2514120, 2230),
(63, '加里山', 1, 4, 250430, 2711799, 2220),
(64, '平野山', 2, 15, 239026, 2532060, 2216),
(65, '東陽山', 3, 4, 259819, 2700879, 2210),
(66, '能甲山', 3, 4, 262704, 2702753, 2207),
(67, '拉古拉山', 3, 14, 257585, 2588202, 2204),
(68, '把里志山', 3, 15, 239187, 2515611, 2202),
(69, '霞山', 2, 3, 271240, 2721901, 2167),
(70, '樂樂山', 3, 15, 253853, 2552755, 2164),
(71, '玉里山', 1, 14, 274041, 2586864, 2157),
(72, '馬軍山', 3, 7, 272428, 2647355, 2150),
(73, '向山', 3, 14, 284652, 2633097, 2144),
(74, '茶仁山', 3, 12, 223412, 2492983, 2139),
(75, '塔曼山', 3, 2, 294754, 2733499, 2130),
(76, '袋角山', 3, 14, 293637, 2683088, 2108),
(77, '松山', 3, 15, 230567, 2510267, 2062),
(78, '五溪山', 3, 11, 229675, 2581062, 2057),
(79, '望洋山', 3, 13, 311622, 2711904, 2050),
(80, '無名山', 3, 4, 252822, 2695841, 2032),
(81, '拉拉山', 3, 2, 293086, 2736192, 2031),
(82, '橫嶺山', 3, 5, 243138, 2680596, 2024),
(83, '大尖山', 3, 7, 248658, 2639557, 2017),
(84, '那保山', 3, 15, 227217, 2490977, 1990),
(85, '千谷寒山', 2, 14, 287990, 2641451, 1987),
(86, '林田山', 3, 14, 289153, 2631880, 1977),
(87, '志良節', 3, 5, 280431, 2692664, 1976),
(88, '扶蓉山', 3, 9, 221591, 2597741, 1968),
(89, '太里力山', 2, 15, 228051, 2488494, 1929),
(90, '野馬敢山', 3, 3, 260868, 2713598, 1913),
(91, '插天山', 3, 2, 290861, 2739532, 1907),
(92, '加奈典山', 3, 15, 258101, 2546792, 1888),
(93, '八溪山', 3, 11, 233804, 2587393, 1882),
(94, '南東眼山', 3, 7, 258689, 2660441, 1876),
(95, '南坑山', 3, 4, 248955, 2695616, 1871),
(96, '盆盆山', 2, 15, 248224, 2526092, 1865),
(97, '尖山', 3, 2, 294570, 2728363, 1852),
(98, '基利山', 3, 15, 235249, 2536487, 1850),
(99, '東來山', 3, 11, 230116, 2546931, 1847),
(100, '光崙山', 2, 9, 217262, 2600795, 1815),
(101, '波津加', 3, 5, 250328, 2680537, 1772),
(102, '草山', 3, 9, 224369, 2592544, 1766),
(103, '油羅山', 2, 3, 267835, 2725229, 1764),
(104, '石壁山', 3, 8, 221060, 2611370, 1751),
(105, '鳥嘴山', 3, 3, 279367, 2736194, 1749),
(106, '太兒麻山', 3, 15, 242426, 2530465, 1747),
(107, '虎頭山', 1, 14, 282141, 2606699, 1747),
(108, '六溪山', 3, 11, 231724, 2584045, 1718),
(109, '東卯山', 3, 5, 244891, 2675809, 1690),
(110, '大漢山', 1, 12, 223545, 2478954, 1688),
(111, '鹿皮山', 2, 13, 322935, 2709497, 1666),
(112, '姑子崙山', 2, 15, 227463, 2480092, 1631),
(113, '千里眼山', 3, 14, 314948, 2678180, 1624),
(114, '武令山', 3, 7, 264736, 2655577, 1579),
(115, '紅葉山', 2, 15, 253193, 2535613, 1576),
(116, '尖山', 3, 15, 234916, 2504077, 1565),
(117, '新集山', 3, 11, 226380, 2546099, 1560),
(118, '鳥嘴山', 3, 3, 256794, 2719557, 1551),
(119, '雞鳴山', 3, 14, 199458, 2685363, 1536),
(120, '關頭山', 2, 7, 259405, 2654029, 1536),
(121, '白毛山', 3, 5, 241236, 2672600, 1522),
(122, '埤谷山', 3, 2, 291679, 2731817, 1520),
(123, '馬來山', 3, 5, 257669, 2680663, 1519),
(124, '橫屏山', 2, 7, 251071, 2649223, 1508),
(125, '久保山', 2, 12, 217053, 2488278, 1506),
(126, '桃林山', 3, 15, 243158, 2533299, 1505),
(127, '司馬限山', 3, 4, 244723, 2699487, 1455),
(128, '新城山', 2, 14, 310521, 2670010, 1440),
(129, '烏來山', 3, 3, 280553, 2729191, 1432),
(130, '尾寮山', 2, 12, 215949, 2528699, 1427),
(131, '望美山', 3, 7, 236204, 2609951, 1427),
(132, '婆羅山', 3, 13, 297471, 2726128, 1415),
(133, '馬那邦山', 1, 4, 240426, 2695903, 1407),
(134, '集集大山', 2, 7, 232684, 2639176, 1392),
(135, '大白山', 3, 13, 328528, 2715786, 1369),
(136, '雪山坑', 3, 5, 244797, 2692800, 1360),
(137, '富太山', 3, 13, 316181, 2705516, 1351),
(138, '羽美山', 3, 15, 259094, 2561878, 1346),
(139, '東崙天山', 3, 15, 269132, 2565744, 1336),
(140, '美輪山', 3, 11, 219330, 2552654, 1334),
(141, '橫瀧山', 3, 4, 245486, 2708959, 1318),
(142, '唐麻丹', 3, 5, 246060, 2672861, 1305),
(143, '大尖山', 1, 8, 210709, 2609877, 1305),
(144, '東坪崙山', 3, 7, 234240, 2642247, 1266),
(145, '柑子頭山', 3, 13, 325288, 2709062, 1256),
(146, '觀音山', 3, 5, 241701, 2686077, 1251),
(147, '大棟山', 1, 10, 200351, 2579046, 1241),
(148, '麻加蘭山', 3, 13, 312202, 2697376, 1240),
(149, '東眼山', 3, 2, 291368, 2746677, 1213),
(150, '南山', 3, 7, 257279, 2656713, 1207),
(151, '都蘭山', 1, 15, 268492, 2532886, 1190),
(152, '向天湖山', 3, 3, 265990, 2729233, 1147),
(153, '花東山', 3, 14, 290043, 2580497, 1134),
(154, '卓溪山', 2, 15, 276631, 2580812, 1130),
(155, '尖石山', 3, 3, 272192, 2733600, 1124),
(156, '七星山', 1, 1, 304957, 2785003, 1120),
(157, '新開山', 3, 11, 216599, 2548226, 1117),
(158, '草山', 2, 9, 214296, 2582164, 1104),
(159, '大屯山', 3, 1, 301781, 2785652, 1092),
(160, '安通越山', 3, 14, 286472, 2573123, 1084),
(161, '大屯山', 2, 1, 301884, 2785464, 1077),
(162, '竹子山', 2, 1, 306339, 2790108, 1074),
(163, '集集大山', 3, 7, 233616, 2637730, 1067),
(164, '五指山', 2, 3, 258905, 2726258, 1062),
(165, '虷泉山', 3, 15, 240955, 2494313, 1054),
(166, '三地山', 3, 12, 214496, 2516022, 1053),
(167, '烏口尖山', 3, 1, 315843, 2749712, 1044),
(168, '排剪山', 3, 11, 220127, 2560367, 1033),
(169, '三角崙山', 3, 1, 300909, 2750585, 1029),
(170, '盆盆山', 3, 13, 302005, 2725895, 1014),
(171, '金平山', 3, 2, 287652, 2747901, 993),
(172, '烏帽子山', 3, 14, 295404, 2652786, 981),
(173, '耀婆山', 2, 4, 239890, 2703395, 901),
(174, '石壁山', 3, 15, 272373, 2566442, 882),
(175, '二尖山', 2, 10, 197645, 2572010, 864),
(176, '頭科山', 1, 5, 228860, 2675109, 859),
(177, '頭科山', 2, 5, 228866, 2675107, 859),
(178, '他尾羅山', 3, 14, 279437, 2589156, 859),
(179, '獅頭山', 1, 2, 298787, 2755517, 858),
(180, '東龜山', 3, 11, 216850, 2545957, 854),
(181, '觀音山', 3, 7, 239513, 2654685, 838),
(182, '半天寮', 3, 4, 242090, 2705205, 835),
(183, '鳳林山', 2, 14, 293155, 2629694, 822),
(184, '清水山', 3, 13, 311630, 2723156, 768),
(185, '頂山', 3, 1, 309034, 2782583, 768),
(186, '五分山', 2, 1, 327924, 2774068, 757),
(187, '志良久', 3, 1, 306632, 2738993, 756),
(188, '太巴塱山', 2, 14, 302257, 2619229, 745),
(189, '尖子頂', 1, 7, 226178, 2623246, 744),
(190, '林望眼山', 3, 1, 298955, 2741836, 744),
(191, '尖子頂', 3, 7, 226177, 2628239, 744),
(192, '大鳥山', 3, 15, 236588, 2478772, 734),
(193, '尾文坑', 2, 5, 238315, 2686433, 727),
(194, '草山', 3, 1, 337513, 2776674, 715),
(195, '鵲子山', 3, 13, 326735, 2749611, 679),
(196, '鹿角山', 3, 7, 235052, 2652097, 679),
(197, '老佛山', 2, 12, 227706, 2438097, 674),
(198, '桐林山', 3, 14, 277946, 2578725, 673),
(199, '金面山', 2, 2, 283068, 2751237, 667),
(200, '五指山', 3, 3, 257914, 2730495, 663),
(201, '秀朗山', 2, 14, 294036, 2610142, 648),
(202, '清水山', 3, 14, 276492, 2574020, 647),
(203, '茄冬腳山', 2, 1, 317854, 2770716, 641),
(204, '枕頭山', 3, 2, 282905, 2745175, 631),
(205, '烏塗山', 3, 16, 312619, 2781832, 624),
(206, '觀音山', 2, 1, 292139, 2781105, 616),
(207, '六寮崙山', 3, 1, 295257, 2755911, 613),
(208, '虎寮坑山', 3, 10, 203765, 2565685, 607),
(209, '火炎山', 3, 4, 221800, 2697045, 596),
(210, '大寮山', 3, 11, 210322, 2546301, 590),
(211, '16山', 3, 1, 334796, 2779403, 587),
(212, '望頭山', 3, 11, 214527, 2544228, 569),
(213, '枋寮山', 3, 11, 207639, 2546141, 533),
(214, '火炎山', 3, 7, 229101, 2656801, 526),
(215, '萬里得山', 3, 12, 232838, 2441321, 522),
(216, '內平林山', 3, 1, 330740, 2770361, 502),
(217, '獅頭山', 3, 4, 249827, 2726577, 491),
(218, '荖濃山', 3, 11, 215124, 2552383, 469),
(219, '獅頭山', 3, 11, 213887, 2546233, 467),
(220, '柑子湖山', 2, 9, 204874, 2590154, 460),
(221, '泰頂山', 3, 11, 207614, 2534251, 457),
(222, '象山', 3, 4, 248688, 2724016, 455),
(223, '赤柯山', 3, 3, 269549, 2739048, 454),
(224, '東照山', 3, 7, 229873, 2634059, 451),
(225, '赤天上山', 3, 1, 306987, 2777870, 451),
(226, '鹿坪山', 3, 10, 196285, 2577107, 444),
(227, '橫山', 2, 7, 211655, 2643008, 443),
(228, '岩子頂山', 3, 10, 200912, 2560879, 440),
(229, '望東山', 3, 14, 301900, 2614276, 439),
(230, '大湖山', 3, 13, 318658, 2740675, 438),
(231, '車籠山', 3, 5, 223759, 2666668, 438),
(232, '觀音山', 3, 8, 205969, 2609172, 430),
(233, '白雲山', 3, 1, 304284, 2780243, 429),
(234, '中寮山', 1, 11, 190919, 2525789, 421),
(235, '龜崙山', 1, 1, 287950, 2765571, 405),
(236, '金山面', 3, 2, 282149, 2751880, 362),
(237, '蚊子坑山', 3, 1, 340741, 2777469, 355),
(238, '11山', 1, 11, 173782, 2505176, 355),
(239, '11山', 3, 11, 173785, 2505176, 354),
(240, '草嶺山', 3, 2, 278954, 2748826, 348),
(241, '鉅山', 3, 7, 223905, 2655560, 345),
(242, '鳶山', 3, 1, 284028, 2757899, 321),
(243, '觀音山', 3, 5, 222853, 2674418, 318),
(244, '大肚山', 2, 5, 208351, 2678796, 313),
(245, '大竹林山', 3, 1, 334878, 2771264, 303),
(246, '三角埔頂', 3, 1, 289594, 2766656, 285),
(247, '赤牛嶺', 3, 12, 225313, 2432587, 283),
(248, '頭崙山', 3, 12, 211062, 2493619, 277),
(249, '大棚山', 3, 6, 209831, 2636692, 265),
(250, '荷苞山', 3, 8, 206787, 2617600, 265),
(251, '爐芝潭山', 3, 10, 198823, 2566115, 264),
(252, '高尾山', 3, 11, 191044, 2521323, 264),
(253, '新港山', 3, 15, 287161, 2557894, 258),
(254, '虎頭山', 3, 10, 196620, 2558485, 258),
(255, '松子嶺', 3, 6, 208892, 2656605, 253),
(256, '小岡山', 3, 11, 181009, 2524456, 251),
(257, '埔頂山', 3, 9, 199466, 2587074, 245),
(258, '大肚山', 3, 5, 209683, 2681080, 241),
(259, '鐵砧山', 3, 5, 214183, 2694742, 236),
(260, '鐵砧山', 1, 5, 214180, 2694736, 236),
(261, '半屏山', 2, 11, 178419, 2511342, 233),
(262, '大五崙山', 3, 16, 320717, 2783728, 231),
(263, '東勢下股', 2, 16, 319686, 2778229, 230),
(264, '東勢下股', 3, 16, 319685, 2778227, 230),
(265, '觀音山', 3, 14, 285853, 2587938, 222),
(266, '金瓜山', 3, 5, 212890, 2685232, 221),
(267, '尖山', 3, 3, 254327, 2738801, 219),
(268, '頭前山', 3, 9, 203317, 2605293, 219),
(269, '楠殖山', 3, 15, 275731, 2543556, 213),
(270, '頂埔山', 3, 9, 200643, 2589488, 213),
(271, '千金湖山', 3, 12, 210736, 2488994, 213),
(272, '牛山', 2, 10, 189410, 2576029, 212),
(273, '紅淡山', 3, 16, 324998, 2779359, 208),
(274, '新庄', 3, 11, 204297, 2543003, 205),
(275, '新厝山', 3, 8, 210203, 2620885, 200),
(276, '北坑', 2, 4, 242494, 2726856, 198),
(277, '石頭山', 3, 15, 265477, 2521455, 188),
(278, '大湖口', 2, 3, 254355, 2750503, 185),
(279, '內水尾山', 3, 5, 210797, 2691554, 179),
(280, '觀音山', 3, 11, 184836, 2514415, 177),
(281, '北坑', 3, 4, 236714, 2721420, 177),
(282, '深澳山', 3, 16, 330396, 2780663, 170),
(283, '大尖山', 3, 10, 194140, 2552537, 168),
(284, '中坑山', 3, 9, 200150, 2609060, 164),
(285, '唭哩岸山', 3, 1, 301117, 2780025, 163),
(286, '槓子寮', 2, 16, 327375, 2782058, 162),
(287, '犁頭山', 3, 3, 253779, 2746190, 157),
(288, '火炎山', 3, 1, 342127, 2773487, 153),
(289, '劍潭山', 2, 1, 302561, 2775420, 152),
(290, '大古山', 1, 2, 278572, 2777368, 151),
(291, '南庄山', 3, 10, 194684, 2548877, 144),
(292, '高尖山', 3, 4, 217576, 2704367, 140),
(293, '內庄山', 2, 10, 191077, 2548402, 131),
(294, '快官山', 3, 6, 209588, 2660373, 121),
(295, '石頭山', 3, 4, 233828, 2725014, 112),
(296, '八卦山', 3, 6, 203844, 2664125, 97),
(297, '內庄山', 3, 10, 184392, 2558189, 95),
(298, '虎頭山', 3, 4, 217234, 2709950, 94),
(299, '尖山', 3, 1, 302010, 2764741, 92),
(300, '虎頭山', 3, 12, 209165, 2505379, 89),
(301, '東岡山', 3, 11, 185734, 2525677, 83),
(302, '頂山', 3, 10, 179560, 2545203, 78),
(303, '14山', 3, 14, 311031, 2647924, 77),
(304, '新烏山', 3, 11, 183863, 2531777, 74),
(305, '新埔', 3, 8, 203507, 2617864, 72),
(306, '將軍山', 3, 10, 192618, 2589160, 68),
(307, '大潭山', 3, 10, 181678, 2540372, 66),
(308, '虎頭山', 3, 10, 181217, 2547865, 61),
(309, '大棟山', 3, 9, 187736, 2589126, 46),
(310, '青草山', 3, 4, 236223, 2734369, 41),
(311, '林內山', 3, 11, 180057, 2507841, 37),
(312, '新庄', 3, 9, 192964, 2595830, 35),
(313, '平頂山', 3, 10, 186303, 2587022, 34),
(314, '利澤簡', 3, 13, 333270, 2729752, 16),
(315, '虎頭山', 3, 8, 175510, 2612287, 12),
(316, '大尖石', 3, 14, 299761, 2592794, 11),
(317, '三仙臺', 1, 15, 291818, 2558403, 7);

-- --------------------------------------------------------

--
-- 資料表結構 `order`
--

CREATE TABLE `order` (
  `sid` int(11) NOT NULL,
  `order_num` varchar(255) COLLATE utf8mb4_german2_ci NOT NULL,
  `member_sid` int(11) NOT NULL,
  `total` varchar(255) COLLATE utf8mb4_german2_ci NOT NULL,
  `created_time` datetime NOT NULL DEFAULT current_timestamp()
) ENGINE=InnoDB DEFAULT CHARSET=utf8mb4 COLLATE=utf8mb4_german2_ci;

--
-- 傾印資料表的資料 `order`
--

INSERT INTO `order` (`sid`, `order_num`, `member_sid`, `total`, `created_time`) VALUES
(38, '20220922122729', 2, '1365', '2022-09-22 12:27:29'),
(39, '20220922025307', 2, '1059', '2022-09-22 14:53:07'),
(40, '20220922030642', 2, '3466', '2022-09-22 15:06:42'),
(41, '20220922030749', 2, '3466', '2022-09-22 15:07:49'),
(42, '20220922030751', 2, '3466', '2022-09-22 15:07:51'),
(43, '20220922030753', 2, '3466', '2022-09-22 15:07:53'),
(44, '20220922030900', 2, '3466', '2022-09-22 15:09:00'),
(45, '20220922031127', 2, '1398', '2022-09-22 15:11:27'),
(46, '20220922031336', 2, '1844', '2022-09-22 15:13:36'),
(47, '20220922045657', 2, '2570', '2022-09-22 16:56:57'),
(48, '20220922112054', 2, '1719', '2022-09-22 17:20:54'),
(49, '20220922112239', 2, '1067', '2022-09-22 17:22:39'),
(50, '20220923014140', 2, '15837', '2022-09-23 13:41:40'),
(51, '20220923020817', 2, '8438', '2022-09-23 14:08:17'),
(55, '20220923024833', 644, '6999', '2022-09-23 14:48:33'),
(56, '20220923025328', 644, '660', '2022-09-23 14:53:28'),
(57, '20220923025551', 644, '2200', '2022-09-23 14:55:51'),
(58, '20220923025620', 644, '4400', '2022-09-23 14:56:20'),
(59, '20220923025717', 644, '2200', '2022-09-23 14:57:17'),
(60, '20220923030059', 633, '35159', '2022-09-23 15:00:59'),
(61, '20220923035111', 633, '3165', '2022-09-23 15:51:11'),
(62, '20220923044421', 645, '9058', '2022-09-23 16:44:21'),
(63, '20220923044500', 645, '5859', '2022-09-23 16:45:00');

-- --------------------------------------------------------

--
-- 資料表結構 `product`
--

CREATE TABLE `product` (
  `product_sid` int(11) NOT NULL,
  `product_name` varchar(255) NOT NULL,
  `product_category_sid` int(11) NOT NULL,
  `brand_sid` int(11) NOT NULL,
  `product_price` int(11) NOT NULL,
  `product_inventory` int(11) NOT NULL,
  `picture` varchar(255) DEFAULT NULL,
  `product_description` varchar(255) DEFAULT NULL
) ENGINE=InnoDB DEFAULT CHARSET=utf8;

--
-- 傾印資料表的資料 `product`
--

INSERT INTO `product` (`product_sid`, `product_name`, `product_category_sid`, `brand_sid`, `product_price`, `product_inventory`, `picture`, `product_description`) VALUES
(4, 'Salomon X ULTRA 4', 13, 25, 4999, 20, 'd471ef2bda826d985c5f25bb423a5f3e.jpg', '穩定、高抓地，舒適鞋口設計、 符合足部的鞋型設計、輕量化的中底支撐， 同時具備Gore-Tex防水保護與高抓地大底， 讓你在上坡或下坡時，無論任何角度，都能給予你穩定與舒適感。'),
(5, 'Mammut 長毛象 Ducan Mid GORE-TEX 女款中筒登山鞋 3030-03550 00506 夕砂粉', 14, 6, 6500, 13, '2f4b6c4018ac28c9e02187a6e41fb618.jpg', '防水透氣GORE-TEX材質、創新彈簧鋼中底、Vibram黃金大底， 適合需要輕量鞋款的快節奏登山健行、長程徒步等。'),
(6, '無敵登山帽', 2, 12, 799, 6, '34350e6a4b0672ddfdf478be3c3695f9.jpg', '不會曬傷的帽帽'),
(7, '無敵登山杖', 1, 12, 4999, 7, '3fab208b73d8bcc42c0eccf9bdb01492.jpg', '超神+9登山杖，可以打人、爬山兼顧，是個防身又健康的好工具'),
(8, '宇宙登山杖', 1, 12, 7999, 6, '7b4030b78ceb066d2c4b4d94f68c87c4.jpg', '8+9登山杖，可以打人、爬山兼顧，是個防身又健康的好工具'),
(9, 'Zippo Iced Carbon Fiber Design 防風打火機 Grey/Iced 29823', 6, 20, 799, 6, '4d83efd79d9eb119223052f5ebfb9219.jpg', '彩色系列打火機於 2006 年推出，半透明塗層沖壓，會產生質感、光澤的效果。 仿碳纖維圖案設計，灰冰方格。'),
(10, 'Zippo High Polish Brass 防風打火機 銅沙子-鏡面純銅 254B', 6, 20, 999, 20, '9b040813e732d30afb11bf106ea89539.jpg', 'Armor® 系列是 Zippo 最受歡迎的打火機系列之一，外殼比經典系列的防風打火機厚1.5倍，更加耐用。 外層有加工一道保護塗層，防止其變色。'),
(11, '超黑登山鞋8', 13, 13, 4999, 6, 'facc13962fa61ea3da9b03c6d76e8604.jpg', '防水透氣GORE-TEX材質、創新彈簧鋼中底、Vibram黃金大底， 適合需要輕量鞋款的快節奏登山健行、長程徒步等。'),
(14, 'Mont-Bell Thunder Pass 女款登山雨衣/風雨衣/防水透氣外套 1128636 TM/CH 番茄/椒紅', 18, 11, 4755, 20, '395357dc015d157f50bea545b7a6f869.jpg', '品名：1128636 Thunder Pass 女款 防水透氣外套 風雨衣 三層布 重量：約 292 克 收納體積：8×8×15cm 材質：50D抗撕裂尼龍 Drytec  防水透氣布'),
(15, 'Mont-Bell Storm Cruiser 女款登山雨衣/Gore-tex防水透氣外套 1128617 LTTQ', 18, 11, 4999, 6, 'd0e1ff6e2e88beaa37355d64e79705ad.jpg', '特色 透氣耐磨輕量Gore-Tex風雨衣， Montbell經典款 Storm Cruiser 昇級版 Gore-tex C-knit 三層布結構防水透氣布料 大幅減少縫線的裁剪，更輕量、好活動無摩擦感。 下擺及袖口可收束的細節設計 適用任何天候地形!'),
(16, 'Trekmates Brinzlea 波林 GORE-TEX防水保暖覆耳登山帽 TM-003473 黑', 2, 23, 1422, 20, '4e8ffc226ccb585d66c70718b54016cc.jpg', '特色 防風、防水、透氣、保暖， GORE-TEX 防水透氣材質 內襯透氣保暖的長刷毛， 兩側可包覆耳朵，保暖效率高 前帽簷三折設計便於收納'),
(17, 'Outdoor Research 西雅圖防水圓盤帽/登山帽 Seattle Gore-tex OR82130-498 黃 243505 0498', 2, 24, 2340, 20, '340f827409bd0bba308077e90c4b45fb.jpg', '品名：# OR82130 Seattle Sombrero GTX 狗鐵絲防水西雅圖圓盤帽 尺寸：M、L、XL'),
(18, 'Sea to Summit UltraSil Dry Sack 30D 輕量防水收納袋/矽膠尼龍防水袋 STSAUDS 2L', 7, 8, 999, 20, '920c9078afe7bbe98609a93d77c11089.jpg', '應用30D Ultra-Sil® 輕量矽膠尼龍與CORDURA® 耐磨尼龍，提高強韌度。 防水係數約2,000mm。 Hypalon™ 可捲式防水閉口，配合密合橡膠條與扣環使用，避免毛細現象吸收水氣。 縫合處壓條處理，打造最佳防水性。 半透明布面可增加透視性，輕鬆分辨內裝物。 橢圓底部更容易站立；光滑布面處理更加方便打包。 得獎經典款，重量更輕全面強化 系列尺寸齊全，用法簡便，多色可選便於打包分類。'),
(19, 'Sea to Summit eVAC 輕量排氣防水收納袋/eVENT防水袋 13升 STSAEDS13GY 灰', 7, 8, 999, 6, 'f2227f1e75a61a64d9fc43ab5620c98d.jpg', '70D防水尼龍+eVent防水透氣面料(底部) 底部單向排氣 eVent ，可防水又能擠壓出多餘的空氣 使用注意事項： 使用時請將開口確實捲收三圈以上再扣起，以達最佳防水效果 適合背包內部防水打包使用，不適用於泛舟拖拉、溯溪搬運等高摩擦場合或潛水等用途。 收納時請注意物體硬質尖銳或突出的形狀，袋內的單點施力高壓摩擦，會加速防水層耗損。 ');

-- --------------------------------------------------------

--
-- 資料表結構 `product_category`
--

CREATE TABLE `product_category` (
  `product_category_sid` int(11) NOT NULL,
  `product_category` varchar(200) NOT NULL,
  `gender` varchar(255) DEFAULT NULL
) ENGINE=InnoDB DEFAULT CHARSET=utf8;

--
-- 傾印資料表的資料 `product_category`
--

INSERT INTO `product_category` (`product_category_sid`, `product_category`, `gender`) VALUES
(1, '登山杖', ''),
(2, '帽子', ''),
(4, '背包', ''),
(5, '護具', ''),
(6, '打火機', ''),
(7, '防水袋', ''),
(13, '鞋子(男)', '男'),
(14, '鞋子(女)', '女'),
(17, '外套(男)', '男'),
(18, '外套(女)', '女'),
(19, '帳篷', NULL);

-- --------------------------------------------------------

--
-- 資料表結構 `product_order`
--

CREATE TABLE `product_order` (
  `sid` int(11) NOT NULL,
  `order_num` varchar(255) CHARACTER SET utf8 COLLATE utf8_german2_ci NOT NULL,
  `products_sid` int(11) NOT NULL,
  `qty` int(255) NOT NULL,
  `total` int(255) NOT NULL,
  `created_time` datetime NOT NULL DEFAULT current_timestamp()
) ENGINE=InnoDB DEFAULT CHARSET=utf8;

--
-- 傾印資料表的資料 `product_order`
--

INSERT INTO `product_order` (`sid`, `order_num`, `products_sid`, `qty`, `total`, `created_time`) VALUES
(34, '20220922122729', 19, 1, 999, '2022-09-22 12:27:29'),
(35, '20220922025307', 19, 1, 999, '2022-09-22 14:53:07'),
(36, '20220922030642', 18, 1, 999, '2022-09-22 15:06:42'),
(37, '20220922030642', 17, 1, 2340, '2022-09-22 15:06:42'),
(38, '20220922030749', 18, 1, 999, '2022-09-22 15:07:49'),
(39, '20220922030749', 17, 1, 2340, '2022-09-22 15:07:49'),
(40, '20220922030751', 18, 1, 999, '2022-09-22 15:07:51'),
(41, '20220922030751', 17, 1, 2340, '2022-09-22 15:07:51'),
(42, '20220922030753', 18, 1, 999, '2022-09-22 15:07:53'),
(43, '20220922030753', 17, 1, 2340, '2022-09-22 15:07:53'),
(44, '20220922030900', 18, 1, 999, '2022-09-22 15:09:00'),
(45, '20220922030900', 17, 1, 2340, '2022-09-22 15:09:00'),
(46, '20220922031127', 19, 1, 999, '2022-09-22 15:11:27'),
(47, '20220923024833', 19, 1, 999, '2022-09-23 14:48:33'),
(48, '20220923030059', 19, 1, 999, '2022-09-23 15:00:59'),
(49, '20220923030059', 17, 4, 9360, '2022-09-23 15:00:59'),
(50, '20220923035111', 18, 1, 999, '2022-09-23 15:51:11'),
(51, '20220923044421', 19, 1, 999, '2022-09-23 16:44:21'),
(52, '20220923044421', 17, 1, 2340, '2022-09-23 16:44:21'),
(53, '20220923044500', 17, 1, 2340, '2022-09-23 16:45:00');

-- --------------------------------------------------------

--
-- 資料表結構 `rental`
--

CREATE TABLE `rental` (
  `rental_product_sid` int(11) NOT NULL,
  `rental_product_name` varchar(255) NOT NULL,
  `product_category_sid` int(11) NOT NULL,
  `brand_sid` int(20) NOT NULL,
  `rental_price` int(11) NOT NULL,
  `rental_img` varchar(255) DEFAULT NULL,
  `rental_qty` int(20) NOT NULL
) ENGINE=InnoDB DEFAULT CHARSET=utf8mb4;

--
-- 傾印資料表的資料 `rental`
--

INSERT INTO `rental` (`rental_product_sid`, `rental_product_name`, `product_category_sid`, `brand_sid`, `rental_price`, `rental_img`, `rental_qty`) VALUES
(13, 'nike帽美國限量版', 2, 1, 20, '585108cb6fb74f68d55c059a7b79147b.jpg', 20),
(14, 'nike漁夫帽', 2, 1, 40, 'a990bf86b569d2e5cd5099d4c1fe6cc8.png', 20),
(15, 'nike美國灰白帽', 2, 1, 30, '92cffc84b740579c282a01db76688db1.png', 33),
(17, 'north經典黑', 4, 3, 200, '23b25bb23efe333c839afce70156c363.jpg', 30),
(18, '經典白', 4, 3, 60, '96ff892b70d2e11f25b9a418073a56bc.jpg', 20),
(19, 'north登山包', 4, 3, 30, '54d4061d2cc316d6ed6156d63d3eb049.jpg', 5),
(20, '後背包', 4, 2, 60, 'a72a4dae34bafa9b106c6e7641f4eafe.jpg', 5),
(22, '迪卡農帳篷(小)', 19, 4, 600, '1423dfec1b691b45f62c27157a33490a.jpg', 10),
(23, '迪卡農帳篷(中)', 19, 4, 700, '77c397534321c1a66c000bfedb6cc91b.jpg', 5),
(24, '迪卡農帳篷(大)', 19, 4, 777, '4f5dd9dd2a29a0dcdfb396e8606f0cc2.jpg', 10),
(25, 'nike鞋普通款.png', 13, 1, 40, 'a5e7bdd473e9cd87122cd7fb87550c76.png', 5),
(26, 'nike鞋白色款.png', 13, 1, 30, 'e35fb3d1492658488b2ac3ab9c62286a.png', 6),
(27, 'nike鞋科技款.png', 13, 1, 60, '65f48916efe8b11d566991cc9697dcd7.png', 3),
(28, 'adidas普通款', 13, 2, 60, '5e66f4058f390d680b74f6290920b40d.jpg', 5),
(29, 'adidas彩虹款', 13, 2, 60, '9e74e1e68f55f1e6d8e52feac101e927.jpg', 5),
(30, 'adidas哈囉凱蒂款', 13, 2, 66, '7d959d8942c32d24a276eda0589125c7.png', 6),
(36, '小黃帳', 19, 11, 500, '6f903fea9c1a73d21bc8eadf9365f46a.png', 5),
(37, '中黃帳', 1, 23, 600, '7e8799cb52e1a4b9d5cf0bf3fef770f3.jpg', 6),
(38, '4P帳', 1, 1, 400, '0ba215fb7444ab1419668987308c49d3.jpg', 4),
(39, '藍天白雲帳', 19, 4, 700, '35871d292202813e6dce0a5e3aed5c64.jpg', 5),
(40, '高山帳', 19, 4, 600, '017adf1edc377b5f898ae2ffaf2e4f67.jpg', 6),
(41, '大黃帳', 19, 9, 20, '5bff5dfdb21c6a9e641f8d6836e8d53c.jpg', 5),
(42, 'NIKE灰色帽', 1, 1, 20, '14c1fc12df518e3bdd8e186d4af3d10c.jpg', 5),
(43, '阿儒帽', 2, 10, 999, '9b520a1f7991a6c74ace7910d79fabb9.png', 1),
(44, '+9力誠智杖', 13, 1, 99999999, '7cf54711acb6018fbd182cf9a6163380.png', 1),
(45, '測試用帳篷', 19, 4, 20, 'b1aaf36de607b30fbe5cc07515339236.jpg', 2);

-- --------------------------------------------------------

--
-- 資料表結構 `rental_order`
--

CREATE TABLE `rental_order` (
  `sid` int(11) NOT NULL,
  `order_num` varchar(255) NOT NULL,
  `rental_sid` int(11) NOT NULL,
  `store_sid1` int(11) DEFAULT NULL COMMENT '(租)',
  `store_sid2` int(11) DEFAULT NULL COMMENT '(還)',
  `out_date` datetime DEFAULT NULL,
  `back_date` datetime DEFAULT NULL,
  `qty` int(255) NOT NULL,
  `total` int(255) NOT NULL,
  `created_time` datetime NOT NULL DEFAULT current_timestamp()
) ENGINE=InnoDB DEFAULT CHARSET=utf8;

--
-- 傾印資料表的資料 `rental_order`
--

INSERT INTO `rental_order` (`sid`, `order_num`, `rental_sid`, `store_sid1`, `store_sid2`, `out_date`, `back_date`, `qty`, `total`, `created_time`) VALUES
(4, '20220922122729', 30, NULL, NULL, NULL, NULL, 1, 66, '2022-09-22 12:27:29'),
(5, '20220922025307', 29, NULL, NULL, NULL, NULL, 1, 60, '2022-09-22 14:53:07'),
(6, '20220922030642', 30, NULL, NULL, NULL, NULL, 1, 66, '2022-09-22 15:06:42'),
(7, '20220922030642', 29, NULL, NULL, NULL, NULL, 1, 60, '2022-09-22 15:06:42'),
(8, '20220922030749', 30, NULL, NULL, NULL, NULL, 1, 66, '2022-09-22 15:07:49'),
(9, '20220922030749', 29, NULL, NULL, NULL, NULL, 1, 60, '2022-09-22 15:07:49'),
(10, '20220922030751', 30, NULL, NULL, NULL, NULL, 1, 66, '2022-09-22 15:07:51'),
(11, '20220922030751', 29, NULL, NULL, NULL, NULL, 1, 60, '2022-09-22 15:07:51'),
(12, '20220922030753', 30, NULL, NULL, NULL, NULL, 1, 66, '2022-09-22 15:07:53'),
(13, '20220922030753', 29, NULL, NULL, NULL, NULL, 1, 60, '2022-09-22 15:07:53'),
(14, '20220922030900', 30, NULL, NULL, NULL, NULL, 1, 66, '2022-09-22 15:09:00'),
(15, '20220922030900', 29, NULL, NULL, NULL, NULL, 1, 60, '2022-09-22 15:09:00'),
(16, '20220922031127', 30, NULL, NULL, NULL, NULL, 1, 66, '2022-09-22 15:11:27'),
(17, '20220923025328', 28, NULL, NULL, NULL, NULL, 1, 60, '2022-09-23 14:53:28'),
(18, '20220923035111', 30, NULL, NULL, NULL, NULL, 1, 66, '2022-09-23 15:51:11'),
(19, '20220923044421', 43, NULL, NULL, NULL, NULL, 1, 999, '2022-09-23 16:44:21'),
(20, '20220923044421', 41, NULL, NULL, NULL, NULL, 1, 20, '2022-09-23 16:44:21'),
(21, '20220923044500', 43, NULL, NULL, NULL, NULL, 1, 999, '2022-09-23 16:45:00'),
(22, '20220923044500', 41, NULL, NULL, NULL, NULL, 1, 20, '2022-09-23 16:45:00');

-- --------------------------------------------------------

--
-- 資料表結構 `room`
--

CREATE TABLE `room` (
  `room_sid` int(20) NOT NULL,
  `room_name` varchar(255) DEFAULT NULL,
  `location_sid` int(20) NOT NULL,
  `mountain_sid` int(20) DEFAULT NULL,
  `room_start_date` date NOT NULL,
  `room_end_date` date NOT NULL,
  `room_price` int(20) NOT NULL,
  `room_qty` int(20) NOT NULL,
  `room_details` varchar(255) DEFAULT NULL,
  `room_img` varchar(255) NOT NULL
) ENGINE=InnoDB DEFAULT CHARSET=utf8mb4;

--
-- 傾印資料表的資料 `room`
--

INSERT INTO `room` (`room_sid`, `room_name`, `location_sid`, `mountain_sid`, `room_start_date`, `room_end_date`, `room_price`, `room_qty`, `room_details`, `room_img`) VALUES
(1, '背包客棧', 1, 1, '2022-10-15', '2022-12-31', 500, 20, '登山口住宿推薦', 'ROOM_10001.jpg'),
(2, '山莊', 2, 2, '2022-10-15', '2022-12-31', 600, 15, '登山口住宿推薦', 'ROOM_10002.jpg'),
(3, '山莊', 3, 3, '2022-10-01', '2022-12-31', 400, 15, '登山口住宿推薦', 'ROOM_10003.jpg'),
(4, '青年旅館', 5, 5, '2022-10-01', '2022-12-31', 550, 10, '登山口住宿推薦', 'ROOM_10004.jpg'),
(5, '背包客棧', 10, 10, '2022-11-01', '2022-12-31', 500, 20, '登山口住宿推薦', 'ROOM_10005.jpg'),
(6, '背包客棧', 7, 7, '2022-11-01', '2022-12-31', 600, 10, '登山口住宿推薦', 'ROOM_10006.jpg'),
(7, '山莊', 8, 8, '2022-11-01', '2022-12-31', 400, 20, '登山口住宿推薦', 'ROOM_10007.jpg'),
(8, '山莊', 3, 3, '2022-09-30', '2022-12-31', 550, 25, '登山口住宿推薦', 'ROOM_10008.jpg'),
(9, '青年旅館', 4, 4, '2022-09-30', '2023-03-31', 500, 20, '登山口住宿推薦', 'ROOM_10009.jpg'),
(10, '背包客棧', 12, 12, '2022-09-30', '2023-03-31', 600, 20, '登山口住宿推薦', 'ROOM_10010.jpg'),
(11, '山莊', 15, 15, '2022-09-30', '2023-03-31', 400, 15, '登山口住宿推薦', 'ROOM_10011.jpg'),
(12, '背包客棧', 14, 14, '2022-10-01', '2023-03-31', 550, 15, '登山口住宿推薦', 'ROOM_10012.jpg'),
(13, '山莊', 11, 11, '2022-10-01', '2023-03-31', 500, 10, '登山口住宿推薦', 'ROOM_10013.jpg'),
(14, '山莊', 14, 14, '2022-10-01', '2023-03-31', 600, 20, '登山口住宿推薦', 'ROOM_10014.jpg'),
(15, '青年旅館', 13, 13, '2022-10-01', '2023-03-31', 400, 10, '登山口住宿推薦', 'ROOM_10015.jpg'),
(16, '背包客棧', 5, 5, '2022-10-01', '2023-03-31', 550, 20, '登山口住宿推薦', 'ROOM_10016.jpg'),
(17, '青年旅館', 3, 3, '2022-10-01', '2023-03-31', 500, 25, '登山口住宿推薦', 'ROOM_10017.jpg'),
(18, '青年旅館', 4, 4, '2022-10-01', '2022-12-31', 400, 20, '登山口住宿推薦', 'ROOM_10018.jpg'),
(19, '背包客棧', 2, 2, '2022-10-01', '2022-12-31', 550, 20, '登山口住宿推薦', 'ROOM_10019.jpg'),
(20, '山莊', 7, 7, '2022-10-01', '2022-12-31', 500, 15, '登山口住宿推薦', 'ROOM_10020.jpg'),
(21, '山莊', 8, 8, '2022-10-01', '2022-12-31', 400, 15, '登山口住宿推薦', 'ROOM_10021.jpg'),
(22, '青年旅館', 9, 9, '2022-10-15', '2022-12-31', 550, 10, '登山口住宿推薦', 'ROOM_10022.jpg'),
(23, '背包客棧', 10, 10, '2022-09-30', '2023-03-31', 500, 20, '登山口住宿推薦', 'ROOM_10023.jpg'),
(24, '青年旅館', 5, 5, '2022-09-30', '2023-03-31', 400, 10, '登山口住宿推薦', 'ROOM_10024.jpg'),
(25, '山莊', 6, 6, '2022-09-30', '2023-03-31', 550, 20, '登山口住宿推薦', 'ROOM_10025.jpg'),
(26, '山莊', 3, 3, '2022-10-15', '2023-03-31', 500, 25, '登山口住宿推薦', 'ROOM_10026.jpg'),
(27, '青年旅館', 7, 7, '2022-10-15', '2022-12-31', 400, 20, '登山口住宿推薦', 'ROOM_10027.jpg'),
(28, '背包客棧', 4, 4, '2022-10-15', '2022-12-31', 700, 20, '登山口住宿推薦', 'ROOM_10028.jpg'),
(29, '山莊', 3, 3, '2022-10-15', '2022-12-31', 600, 15, '登山口住宿推薦', 'ROOM_10029.jpg'),
(30, '青年旅館', 7, 7, '2022-10-15', '2023-03-31', 550, 15, '登山口住宿推薦', 'ROOM_10030.jpg'),
(31, '青年旅館', 9, 9, '2022-10-15', '2023-03-31', 500, 10, '登山口住宿推薦', 'ROOM_10031.jpg'),
(32, '背包客棧', 10, 10, '2022-10-15', '2022-12-31', 650, 20, '登山口住宿推薦', 'ROOM_10032.jpg'),
(33, '青年旅館', 11, 11, '2022-11-01', '2022-12-31', 600, 10, '登山口住宿推薦                            ', 'ROOM_10033.jpg'),
(34, '青年旅館', 14, 14, '2022-11-01', '2022-12-31', 550, 20, '登山口住宿推薦', 'ROOM_10034.jpg'),
(35, '山莊', 15, 15, '2022-11-01', '2023-03-31', 500, 25, '登山口住宿推薦', 'ROOM_10035.jpg'),
(36, '山莊', 12, 12, '2022-11-01', '2023-03-31', 650, 20, '登山口住宿推薦', 'ROOM_10036.jpg'),
(37, '背包客棧', 6, 6, '2022-10-15', '2022-12-31', 600, 20, '登山口住宿推薦', 'ROOM_10037.jpg'),
(38, '背包客棧', 4, 4, '2022-10-15', '2022-12-31', 550, 15, '登山口住宿推薦', 'ROOM_10038.jpg'),
(39, '背包客棧', 6, 6, '2022-09-30', '2023-03-31', 500, 15, '登山口住宿推薦', 'ROOM_10039.jpg'),
(40, '青年旅館', 7, 7, '2022-09-30', '2022-12-31', 650, 10, '登山口住宿推薦', 'ROOM_10040.jpg'),
(41, '青年旅館', 8, 8, '2022-09-30', '2022-12-31', 600, 20, '登山口住宿推薦', 'ROOM_10041.jpg'),
(42, '背包客棧', 2, 2, '2022-09-30', '2022-11-30', 550, 10, '登山口住宿推薦', 'ROOM_10042.jpg'),
(43, '山莊', 3, 3, '2022-09-30', '2022-11-30', 500, 20, '登山口住宿推薦', 'ROOM_10043.jpg'),
(44, '青年旅館', 5, 5, '2022-09-30', '2022-02-28', 650, 25, '登山口住宿推薦', 'ROOM_10044.jpg'),
(45, '背包客棧', 6, 6, '2022-09-30', '2022-12-31', 600, 20, '登山口住宿推薦', 'ROOM_10045.jpg'),
(46, '山莊', 10, 10, '2022-09-30', '2022-12-31', 550, 20, '登山口住宿推薦', 'ROOM_10046.jpg'),
(47, '大肚山山莊', 5, 258, '2022-09-30', '2023-03-31', 500, 15, '大肚山登山口住宿推薦                                                        ', 'ROOM_10047.jpg'),
(48, '青年旅館', 2, 81, '2022-10-01', '2023-04-30', 500, 10, '拉拉山登山住宿推薦', '47f70fc12c41641a930307063c3b8331.jpg'),
(49, '霞喀羅大山背包客棧', 3, 61, '2022-10-01', '2023-04-30', 600, 10, '霞喀羅大山登山住宿推薦                                                                                                                ', '675c31ea243843093075a93534957008.jpg');

-- --------------------------------------------------------

--
-- 資料表結構 `store`
--

CREATE TABLE `store` (
  `store_sid` int(11) NOT NULL,
  `store_name` varchar(255) NOT NULL,
  `store_address` varchar(255) NOT NULL,
  `store_img` varchar(255) DEFAULT NULL
) ENGINE=InnoDB DEFAULT CHARSET=utf8mb4;

--
-- 傾印資料表的資料 `store`
--

INSERT INTO `store` (`store_sid`, `store_name`, `store_address`, `store_img`) VALUES
(79, '台北店', '台北市大安區復興南路一段390號2樓', '949aec65548168beadfe8327d4ef02d2.jpg'),
(80, '桃園店', '桃園市八德區大智里永安街19巷4-2號', '1aa39285951b9d24ecf5e5093449c506.jpg'),
(81, '台中店', '台中市烏日區站區二路8號', '1124297a495611ecf527b8a402415181.jpg'),
(82, '高雄店', '高雄市左營區高鐵路105號', 'e6d5e583be9bbf2e069b87e855763bc9.jpg');

--
-- 已傾印資料表的索引
--

--
-- 資料表索引 `admins`
--
ALTER TABLE `admins`
  ADD PRIMARY KEY (`sid`),
  ADD UNIQUE KEY `account` (`account`);

--
-- 資料表索引 `booking_order`
--
ALTER TABLE `booking_order`
  ADD PRIMARY KEY (`sid`);

--
-- 資料表索引 `brand`
--
ALTER TABLE `brand`
  ADD PRIMARY KEY (`brand_sid`);

--
-- 資料表索引 `campaign`
--
ALTER TABLE `campaign`
  ADD PRIMARY KEY (`sid`),
  ADD KEY `location_sid` (`location_sid`),
  ADD KEY `campaign_type_sid` (`campaign_type_sid`);

--
-- 資料表索引 `campaign_order`
--
ALTER TABLE `campaign_order`
  ADD PRIMARY KEY (`sid`);

--
-- 資料表索引 `campaign_type`
--
ALTER TABLE `campaign_type`
  ADD PRIMARY KEY (`sid`);

--
-- 資料表索引 `location`
--
ALTER TABLE `location`
  ADD PRIMARY KEY (`sid`);

--
-- 資料表索引 `members`
--
ALTER TABLE `members`
  ADD PRIMARY KEY (`member_sid`);

--
-- 資料表索引 `mountain`
--
ALTER TABLE `mountain`
  ADD PRIMARY KEY (`mountain_sid`);

--
-- 資料表索引 `order`
--
ALTER TABLE `order`
  ADD PRIMARY KEY (`sid`);

--
-- 資料表索引 `product`
--
ALTER TABLE `product`
  ADD PRIMARY KEY (`product_sid`),
  ADD KEY `product_category_sid` (`product_category_sid`),
  ADD KEY `brand_sid` (`brand_sid`);

--
-- 資料表索引 `product_category`
--
ALTER TABLE `product_category`
  ADD PRIMARY KEY (`product_category_sid`);

--
-- 資料表索引 `product_order`
--
ALTER TABLE `product_order`
  ADD PRIMARY KEY (`sid`);

--
-- 資料表索引 `rental`
--
ALTER TABLE `rental`
  ADD PRIMARY KEY (`rental_product_sid`),
  ADD KEY `product_category_sid` (`product_category_sid`),
  ADD KEY `brand_sid` (`brand_sid`);

--
-- 資料表索引 `rental_order`
--
ALTER TABLE `rental_order`
  ADD PRIMARY KEY (`sid`);

--
-- 資料表索引 `room`
--
ALTER TABLE `room`
  ADD PRIMARY KEY (`room_sid`);

--
-- 資料表索引 `store`
--
ALTER TABLE `store`
  ADD PRIMARY KEY (`store_sid`);

--
-- 在傾印的資料表使用自動遞增(AUTO_INCREMENT)
--

--
-- 使用資料表自動遞增(AUTO_INCREMENT) `admins`
--
ALTER TABLE `admins`
  MODIFY `sid` int(11) NOT NULL AUTO_INCREMENT, AUTO_INCREMENT=2;

--
-- 使用資料表自動遞增(AUTO_INCREMENT) `booking_order`
--
ALTER TABLE `booking_order`
  MODIFY `sid` int(11) NOT NULL AUTO_INCREMENT, AUTO_INCREMENT=13;

--
-- 使用資料表自動遞增(AUTO_INCREMENT) `brand`
--
ALTER TABLE `brand`
  MODIFY `brand_sid` int(11) NOT NULL AUTO_INCREMENT, AUTO_INCREMENT=26;

--
-- 使用資料表自動遞增(AUTO_INCREMENT) `campaign`
--
ALTER TABLE `campaign`
  MODIFY `sid` int(255) NOT NULL AUTO_INCREMENT, AUTO_INCREMENT=52;

--
-- 使用資料表自動遞增(AUTO_INCREMENT) `campaign_order`
--
ALTER TABLE `campaign_order`
  MODIFY `sid` int(11) NOT NULL AUTO_INCREMENT, AUTO_INCREMENT=17;

--
-- 使用資料表自動遞增(AUTO_INCREMENT) `campaign_type`
--
ALTER TABLE `campaign_type`
  MODIFY `sid` int(100) NOT NULL AUTO_INCREMENT, AUTO_INCREMENT=5;

--
-- 使用資料表自動遞增(AUTO_INCREMENT) `location`
--
ALTER TABLE `location`
  MODIFY `sid` int(100) NOT NULL AUTO_INCREMENT, AUTO_INCREMENT=18;

--
-- 使用資料表自動遞增(AUTO_INCREMENT) `members`
--
ALTER TABLE `members`
  MODIFY `member_sid` int(11) NOT NULL AUTO_INCREMENT, AUTO_INCREMENT=646;

--
-- 使用資料表自動遞增(AUTO_INCREMENT) `mountain`
--
ALTER TABLE `mountain`
  MODIFY `mountain_sid` int(20) NOT NULL AUTO_INCREMENT, AUTO_INCREMENT=318;

--
-- 使用資料表自動遞增(AUTO_INCREMENT) `order`
--
ALTER TABLE `order`
  MODIFY `sid` int(11) NOT NULL AUTO_INCREMENT, AUTO_INCREMENT=64;

--
-- 使用資料表自動遞增(AUTO_INCREMENT) `product`
--
ALTER TABLE `product`
  MODIFY `product_sid` int(11) NOT NULL AUTO_INCREMENT, AUTO_INCREMENT=20;

--
-- 使用資料表自動遞增(AUTO_INCREMENT) `product_category`
--
ALTER TABLE `product_category`
  MODIFY `product_category_sid` int(11) NOT NULL AUTO_INCREMENT, AUTO_INCREMENT=21;

--
-- 使用資料表自動遞增(AUTO_INCREMENT) `product_order`
--
ALTER TABLE `product_order`
  MODIFY `sid` int(11) NOT NULL AUTO_INCREMENT, AUTO_INCREMENT=54;

--
-- 使用資料表自動遞增(AUTO_INCREMENT) `rental`
--
ALTER TABLE `rental`
  MODIFY `rental_product_sid` int(11) NOT NULL AUTO_INCREMENT, AUTO_INCREMENT=46;

--
-- 使用資料表自動遞增(AUTO_INCREMENT) `rental_order`
--
ALTER TABLE `rental_order`
  MODIFY `sid` int(11) NOT NULL AUTO_INCREMENT, AUTO_INCREMENT=23;

--
-- 使用資料表自動遞增(AUTO_INCREMENT) `room`
--
ALTER TABLE `room`
  MODIFY `room_sid` int(20) NOT NULL AUTO_INCREMENT, AUTO_INCREMENT=50;

--
-- 使用資料表自動遞增(AUTO_INCREMENT) `store`
--
ALTER TABLE `store`
  MODIFY `store_sid` int(11) NOT NULL AUTO_INCREMENT, AUTO_INCREMENT=84;

--
-- 已傾印資料表的限制式
--

--
-- 資料表的限制式 `campaign`
--
ALTER TABLE `campaign`
  ADD CONSTRAINT `campaign_ibfk_1` FOREIGN KEY (`location_sid`) REFERENCES `location` (`sid`),
  ADD CONSTRAINT `campaign_ibfk_2` FOREIGN KEY (`campaign_type_sid`) REFERENCES `campaign_type` (`sid`);

--
-- 資料表的限制式 `rental`
--
ALTER TABLE `rental`
  ADD CONSTRAINT `rental_ibfk_2` FOREIGN KEY (`brand_sid`) REFERENCES `brand` (`brand_sid`);
COMMIT;

/*!40101 SET CHARACTER_SET_CLIENT=@OLD_CHARACTER_SET_CLIENT */;
/*!40101 SET CHARACTER_SET_RESULTS=@OLD_CHARACTER_SET_RESULTS */;
/*!40101 SET COLLATION_CONNECTION=@OLD_COLLATION_CONNECTION */;
